[2026-05-12 13:17:44,159 : INFO : demo : MLOPs Chest Disease Classification]
[2026-05-12 13:22:32,095 : INFO : demo : MLOPs Chest Disease Classification]
[2026-05-17 01:21:51,807 : INFO : common : yaml file: config\config.yaml loaded successfully]
[2026-05-17 01:21:51,810 : INFO : common : yaml file: E:\MLOPs Deep Learning Project\params.yaml loaded successfully]
[2026-05-17 01:21:51,813 : ERROR : 3769544432 : An error occurred in the main execution block: yaml file is empty]
Traceback (most recent call last):
  File "E:\MLOPs Deep Learning Project\src\cnnClassifier\utils\common.py", line 31, in read_yaml
    return ConfigBox(content)
  File "box/box.py", line 289, in box.box.Box.__init__
box.exceptions.BoxValueError: Cannot extrapolate Box from string

During handling of the above exception, another exception occurred:

Traceback (most recent call last):
  File "C:\Users\Ron\AppData\Local\Temp\ipykernel_12068\3769544432.py", line 2, in <module>
    config = ConfigurationManager()
  File "C:\Users\Ron\AppData\Local\Temp\ipykernel_12068\3083191854.py", line 4, in __init__
    self.params = read_yaml(params_file_path)
  File "c:\Users\Ron\anaconda3\envs\chest\lib\site-packages\ensure\main.py", line 872, in __call__
    return_val = self.f(*args, **kwargs)
  File "E:\MLOPs Deep Learning Project\src\cnnClassifier\utils\common.py", line 33, in read_yaml
    raise ValueError("yaml file is empty")
ValueError: yaml file is empty
[2026-05-17 01:26:25,115 : INFO : common : yaml file: config\config.yaml loaded successfully]
[2026-05-17 01:26:25,118 : INFO : common : yaml file: E:\MLOPs Deep Learning Project\params.yaml loaded successfully]
[2026-05-17 01:26:25,146 : ERROR : 3769544432 : An error occurred in the main execution block: isinstance() argument 2 cannot be a parameterized generic]
Traceback (most recent call last):
  File "C:\Users\Ron\AppData\Local\Temp\ipykernel_12068\3769544432.py", line 2, in <module>
    config = ConfigurationManager()
  File "C:\Users\Ron\AppData\Local\Temp\ipykernel_12068\3083191854.py", line 5, in __init__
    create_directories([self.config.artifacts_root])
  File "c:\Users\Ron\anaconda3\envs\chest\lib\site-packages\ensure\main.py", line 831, in __call__
    if not isinstance(value, templ):
TypeError: isinstance() argument 2 cannot be a parameterized generic
[2026-05-17 01:30:28,562 : INFO : common : yaml file: config\config.yaml loaded successfully]
[2026-05-17 01:30:28,566 : INFO : common : yaml file: E:\MLOPs Deep Learning Project\params.yaml loaded successfully]
[2026-05-17 01:30:28,569 : ERROR : 3769544432 : An error occurred in the main execution block: isinstance() argument 2 cannot be a parameterized generic]
Traceback (most recent call last):
  File "C:\Users\Ron\AppData\Local\Temp\ipykernel_12068\3769544432.py", line 2, in <module>
    config = ConfigurationManager()
  File "C:\Users\Ron\AppData\Local\Temp\ipykernel_12068\3083191854.py", line 5, in __init__
    create_directories([self.config.artifacts_root])
  File "c:\Users\Ron\anaconda3\envs\chest\lib\site-packages\ensure\main.py", line 831, in __call__
    if not isinstance(value, templ):
TypeError: isinstance() argument 2 cannot be a parameterized generic
[2026-05-17 01:31:02,312 : INFO : common : yaml file: config\config.yaml loaded successfully]
[2026-05-17 01:31:02,316 : INFO : common : yaml file: E:\MLOPs Deep Learning Project\params.yaml loaded successfully]
[2026-05-17 01:31:02,320 : ERROR : 3769544432 : An error occurred in the main execution block: isinstance() argument 2 cannot be a parameterized generic]
Traceback (most recent call last):
  File "C:\Users\Ron\AppData\Local\Temp\ipykernel_12068\3769544432.py", line 2, in <module>
    config = ConfigurationManager()
  File "C:\Users\Ron\AppData\Local\Temp\ipykernel_12068\3083191854.py", line 5, in __init__
    create_directories([self.config.artifacts_root])
  File "c:\Users\Ron\anaconda3\envs\chest\lib\site-packages\ensure\main.py", line 831, in __call__
    if not isinstance(value, templ):
TypeError: isinstance() argument 2 cannot be a parameterized generic
[2026-05-17 01:36:06,197 : INFO : common : yaml file: config\config.yaml loaded successfully]
[2026-05-17 01:36:06,201 : INFO : common : yaml file: E:\MLOPs Deep Learning Project\params.yaml loaded successfully]
[2026-05-17 01:36:06,205 : ERROR : 3769544432 : An error occurred in the main execution block: isinstance() argument 2 cannot be a parameterized generic]
Traceback (most recent call last):
  File "C:\Users\Ron\AppData\Local\Temp\ipykernel_12068\3769544432.py", line 2, in <module>
    config = ConfigurationManager()
  File "C:\Users\Ron\AppData\Local\Temp\ipykernel_12068\3083191854.py", line 5, in __init__
    create_directories([self.config.artifacts_root])
  File "c:\Users\Ron\anaconda3\envs\chest\lib\site-packages\ensure\main.py", line 831, in __call__
    if not isinstance(value, templ):
TypeError: isinstance() argument 2 cannot be a parameterized generic
[2026-05-17 01:38:41,168 : INFO : common : yaml file: config\config.yaml loaded successfully]
[2026-05-17 01:38:41,175 : INFO : common : yaml file: E:\MLOPs Deep Learning Project\params.yaml loaded successfully]
[2026-05-17 01:38:41,180 : ERROR : 3769544432 : An error occurred in the main execution block: Subscripted generics cannot be used with class and instance checks]
Traceback (most recent call last):
  File "C:\Users\Ron\AppData\Local\Temp\ipykernel_5400\3769544432.py", line 2, in <module>
    config = ConfigurationManager()
  File "C:\Users\Ron\AppData\Local\Temp\ipykernel_5400\3083191854.py", line 5, in __init__
    create_directories([self.config.artifacts_root])
  File "c:\Users\Ron\anaconda3\envs\chest\lib\site-packages\ensure\main.py", line 831, in __call__
    if not isinstance(value, templ):
  File "c:\Users\Ron\anaconda3\envs\chest\lib\typing.py", line 994, in __instancecheck__
    return self.__subclasscheck__(type(obj))
  File "c:\Users\Ron\anaconda3\envs\chest\lib\typing.py", line 997, in __subclasscheck__
    raise TypeError("Subscripted generics cannot be used with"
TypeError: Subscripted generics cannot be used with class and instance checks
[2026-05-17 01:41:30,070 : INFO : common : yaml file: config\config.yaml loaded successfully]
[2026-05-17 01:41:30,075 : INFO : common : yaml file: E:\MLOPs Deep Learning Project\params.yaml loaded successfully]
[2026-05-17 01:41:30,078 : ERROR : 3769544432 : An error occurred in the main execution block: Subscripted generics cannot be used with class and instance checks]
Traceback (most recent call last):
  File "C:\Users\Ron\AppData\Local\Temp\ipykernel_5400\3769544432.py", line 2, in <module>
    config = ConfigurationManager()
  File "C:\Users\Ron\AppData\Local\Temp\ipykernel_5400\3083191854.py", line 5, in __init__
    create_directories([self.config.artifacts_root])
  File "c:\Users\Ron\anaconda3\envs\chest\lib\site-packages\ensure\main.py", line 831, in __call__
    if not isinstance(value, templ):
  File "c:\Users\Ron\anaconda3\envs\chest\lib\typing.py", line 994, in __instancecheck__
    return self.__subclasscheck__(type(obj))
  File "c:\Users\Ron\anaconda3\envs\chest\lib\typing.py", line 997, in __subclasscheck__
    raise TypeError("Subscripted generics cannot be used with"
TypeError: Subscripted generics cannot be used with class and instance checks
[2026-05-17 01:43:08,320 : INFO : common : yaml file: config\config.yaml loaded successfully]
[2026-05-17 01:43:08,326 : INFO : common : yaml file: E:\MLOPs Deep Learning Project\params.yaml loaded successfully]
[2026-05-17 01:43:08,328 : INFO : common : created directory at: artifacts]
[2026-05-17 01:43:08,332 : ERROR : 3769544432 : An error occurred in the main execution block: 'ConfigurationManager' object has no attribute 'get_data_ingestion_config']
Traceback (most recent call last):
  File "C:\Users\Ron\AppData\Local\Temp\ipykernel_22444\3769544432.py", line 3, in <module>
    data_ingestion_config = config.get_data_ingestion_config()
AttributeError: 'ConfigurationManager' object has no attribute 'get_data_ingestion_config'
[2026-05-17 01:49:05,225 : INFO : common : yaml file: config\config.yaml loaded successfully]
[2026-05-17 01:49:05,229 : INFO : common : yaml file: E:\MLOPs Deep Learning Project\params.yaml loaded successfully]
[2026-05-17 01:49:05,231 : INFO : common : created directory at: artifacts]
[2026-05-17 01:49:05,234 : INFO : common : created directory at: artifacts/data_ingestion]
[2026-05-17 01:49:05,236 : INFO : 1302241673 : Downloading file from https://drive.google.com/file/d/1kH263O1V1CbrGufLQdRptPXSYQ3a2AHM/view?usp=sharing to artifacts\data_ingestion\chest_scan.zip]
[2026-05-17 01:49:17,717 : ERROR : 1302241673 : An error occurred during file download: 'WindowsPath' object has no attribute 'write']
Traceback (most recent call last):
  File "C:\Users\Ron\AppData\Local\Temp\ipykernel_22444\1302241673.py", line 16, in download_file
    gdown.download(prefix + file_id, output=self.config.local_data_file)
  File "c:\Users\Ron\anaconda3\envs\chest\lib\site-packages\gdown\download.py", line 399, in download
    f.write(chunk)
AttributeError: 'WindowsPath' object has no attribute 'write'. Did you mean: 'drive'?
[2026-05-17 01:49:17,835 : ERROR : 1302241673 : An error occurred during unzip: [Errno 2] No such file or directory: 'artifacts\\data_ingestion\\chest_scan.zip']
Traceback (most recent call last):
  File "C:\Users\Ron\AppData\Local\Temp\ipykernel_22444\1302241673.py", line 25, in unzip_and_get_size
    with zipfile.ZipFile(self.config.local_data_file, 'r') as zip_ref:
  File "c:\Users\Ron\anaconda3\envs\chest\lib\zipfile.py", line 1270, in __init__
    self.fp = io.open(file, filemode)
FileNotFoundError: [Errno 2] No such file or directory: 'artifacts\\data_ingestion\\chest_scan.zip'
[2026-05-17 01:55:06,058 : INFO : common : yaml file: config\config.yaml loaded successfully]
[2026-05-17 01:55:06,060 : INFO : common : yaml file: E:\MLOPs Deep Learning Project\params.yaml loaded successfully]
[2026-05-17 01:55:06,067 : INFO : common : created directory at: artifacts]
[2026-05-17 01:55:06,070 : INFO : common : created directory at: artifacts/data_ingestion]
[2026-05-17 01:55:06,070 : INFO : 1302241673 : Downloading file from https://drive.google.com/file/d/1kH263O1V1CbrGufLQdRptPXSYQ3a2AHM/view?usp=sharing to artifacts\data_ingestion\chest_scan.zip]
[2026-05-17 01:55:14,533 : ERROR : 1302241673 : An error occurred during file download: 'WindowsPath' object has no attribute 'write']
Traceback (most recent call last):
  File "C:\Users\Ron\AppData\Local\Temp\ipykernel_22444\1302241673.py", line 16, in download_file
    gdown.download(prefix + file_id, output=self.config.local_data_file)
  File "c:\Users\Ron\anaconda3\envs\chest\lib\site-packages\gdown\download.py", line 399, in download
    f.write(chunk)
AttributeError: 'WindowsPath' object has no attribute 'write'. Did you mean: 'drive'?
[2026-05-17 01:55:14,541 : ERROR : 1302241673 : An error occurred during unzip: [Errno 2] No such file or directory: 'artifacts\\data_ingestion\\chest_scan.zip']
Traceback (most recent call last):
  File "C:\Users\Ron\AppData\Local\Temp\ipykernel_22444\1302241673.py", line 25, in unzip_and_get_size
    with zipfile.ZipFile(self.config.local_data_file, 'r') as zip_ref:
  File "c:\Users\Ron\anaconda3\envs\chest\lib\zipfile.py", line 1270, in __init__
    self.fp = io.open(file, filemode)
FileNotFoundError: [Errno 2] No such file or directory: 'artifacts\\data_ingestion\\chest_scan.zip'
[2026-05-17 01:57:55,847 : INFO : common : yaml file: config\config.yaml loaded successfully]
[2026-05-17 01:57:55,853 : INFO : common : yaml file: E:\MLOPs Deep Learning Project\params.yaml loaded successfully]
[2026-05-17 01:57:55,858 : INFO : common : created directory at: artifacts]
[2026-05-17 01:57:55,864 : INFO : common : created directory at: artifacts/data_ingestion]
[2026-05-17 01:57:55,867 : INFO : 1302241673 : Downloading file from https://drive.google.com/file/d/1kH263O1V1CbrGufLQdRptPXSYQ3a2AHM/view?usp=sharing to artifacts\data_ingestion\chest_scan.zip]
[2026-05-17 01:58:05,483 : ERROR : 1302241673 : An error occurred during file download: 'WindowsPath' object has no attribute 'write']
Traceback (most recent call last):
  File "C:\Users\Ron\AppData\Local\Temp\ipykernel_22444\1302241673.py", line 16, in download_file
    gdown.download(prefix + file_id, output=self.config.local_data_file)
  File "c:\Users\Ron\anaconda3\envs\chest\lib\site-packages\gdown\download.py", line 399, in download
    f.write(chunk)
AttributeError: 'WindowsPath' object has no attribute 'write'. Did you mean: 'drive'?
[2026-05-17 01:58:05,515 : ERROR : 1302241673 : An error occurred during unzip: [Errno 2] No such file or directory: 'artifacts\\data_ingestion\\chest_scan.zip']
Traceback (most recent call last):
  File "C:\Users\Ron\AppData\Local\Temp\ipykernel_22444\1302241673.py", line 25, in unzip_and_get_size
    with zipfile.ZipFile(self.config.local_data_file, 'r') as zip_ref:
  File "c:\Users\Ron\anaconda3\envs\chest\lib\zipfile.py", line 1270, in __init__
    self.fp = io.open(file, filemode)
FileNotFoundError: [Errno 2] No such file or directory: 'artifacts\\data_ingestion\\chest_scan.zip'
[2026-05-17 17:41:03,260 : INFO : common : yaml file: config\config.yaml loaded successfully]
[2026-05-17 17:41:03,271 : INFO : common : yaml file: E:\MLOPs Deep Learning Project\params.yaml loaded successfully]
[2026-05-17 17:41:03,275 : INFO : common : created directory at: artifacts]
[2026-05-17 17:41:03,278 : INFO : common : created directory at: artifacts/data_ingestion]
[2026-05-17 17:41:03,281 : INFO : 3702358137 : Downloading file from https://drive.google.com/file/d/1kH263O1V1CbrGufLQdRptPXSYQ3a2AHM/view?usp=sharing to artifacts\data_ingestion\chest_scan.zip]
[2026-05-17 17:41:05,212 : ERROR : 3702358137 : An error occurred during unzip: File is not a zip file]
Traceback (most recent call last):
  File "C:\Users\Ron\AppData\Local\Temp\ipykernel_20372\3702358137.py", line 25, in unzip_and_get_size
    with zipfile.ZipFile(self.config.local_data_file, 'r') as zip_ref:
  File "c:\Users\Ron\anaconda3\envs\chest\lib\zipfile.py", line 1288, in __init__
    self._RealGetContents()
  File "c:\Users\Ron\anaconda3\envs\chest\lib\zipfile.py", line 1355, in _RealGetContents
    raise BadZipFile("File is not a zip file")
zipfile.BadZipFile: File is not a zip file
[2026-05-17 18:00:35,714 : INFO : common : yaml file: config\config.yaml loaded successfully]
[2026-05-17 18:00:35,718 : INFO : common : yaml file: E:\MLOPs Deep Learning Project\params.yaml loaded successfully]
[2026-05-17 18:00:35,722 : INFO : common : created directory at: artifacts]
[2026-05-17 18:00:35,727 : INFO : common : created directory at: artifacts/data_ingestion]
[2026-05-17 18:00:35,729 : INFO : 3702358137 : Downloading file from https://drive.google.com/file/d/1kH263O1V1CbrGufLQdRptPXSYQ3a2AHM/view?usp=sharing to artifacts\data_ingestion\chest_scan.zip]
[2026-05-17 18:00:37,624 : ERROR : 3702358137 : An error occurred during unzip: File is not a zip file]
Traceback (most recent call last):
  File "C:\Users\Ron\AppData\Local\Temp\ipykernel_19740\3702358137.py", line 25, in unzip_and_get_size
    with zipfile.ZipFile(self.config.local_data_file, 'r') as zip_ref:
  File "c:\Users\Ron\anaconda3\envs\chest\lib\zipfile.py", line 1288, in __init__
    self._RealGetContents()
  File "c:\Users\Ron\anaconda3\envs\chest\lib\zipfile.py", line 1355, in _RealGetContents
    raise BadZipFile("File is not a zip file")
zipfile.BadZipFile: File is not a zip file
[2026-05-17 18:05:05,115 : INFO : common : yaml file: config\config.yaml loaded successfully]
[2026-05-17 18:05:05,120 : INFO : common : yaml file: E:\MLOPs Deep Learning Project\params.yaml loaded successfully]
[2026-05-17 18:05:05,123 : INFO : common : created directory at: artifacts]
[2026-05-17 18:05:05,127 : INFO : common : created directory at: artifacts/data_ingestion]
[2026-05-17 18:05:05,129 : INFO : 3702358137 : Downloading file from https://drive.google.com/file/d/1kH263O1V1CbrGufLQdRptPXSYQ3a2AHM/view?usp=sharing to artifacts\data_ingestion\chest_scan.zip]
[2026-05-17 18:05:07,066 : ERROR : 3702358137 : An error occurred during unzip: File is not a zip file]
Traceback (most recent call last):
  File "C:\Users\Ron\AppData\Local\Temp\ipykernel_19740\3702358137.py", line 25, in unzip_and_get_size
    with zipfile.ZipFile(self.config.local_data_file, 'r') as zip_ref:
  File "c:\Users\Ron\anaconda3\envs\chest\lib\zipfile.py", line 1288, in __init__
    self._RealGetContents()
  File "c:\Users\Ron\anaconda3\envs\chest\lib\zipfile.py", line 1355, in _RealGetContents
    raise BadZipFile("File is not a zip file")
zipfile.BadZipFile: File is not a zip file
[2026-05-17 18:17:00,942 : INFO : common : yaml file: config\config.yaml loaded successfully]
[2026-05-17 18:17:00,949 : INFO : common : yaml file: E:\MLOPs Deep Learning Project\params.yaml loaded successfully]
[2026-05-17 18:17:00,957 : INFO : common : created directory at: artifacts]
[2026-05-17 18:17:00,962 : INFO : common : created directory at: artifacts/data_ingestion]
[2026-05-17 18:17:00,966 : INFO : 2640554227 : Downloading file from https://drive.google.com/file/d/1kH263O1V1CbrGufLQdRptPXSYQ3a2AHM/view?usp=sharing to artifacts\data_ingestion\chest_scan.zip]
[2026-05-17 18:17:19,541 : INFO : 2640554227 : Unzipped data size: ~ 0 KB]
[2026-05-18 01:23:38,338 : INFO : main : stage Data Ingestion Stage started]
[2026-05-18 01:23:38,340 : INFO : stage_01_data_ingestion : >>>>>>> stage Data Ingestion Stage started <<<<<<<]
[2026-05-18 01:23:38,344 : INFO : common : yaml file: config\config.yaml loaded successfully]
[2026-05-18 01:23:38,352 : INFO : common : yaml file: E:\MLOPs Deep Learning Project\params.yaml loaded successfully]
[2026-05-18 01:23:38,363 : INFO : common : created directory at: artifacts]
[2026-05-18 01:23:38,367 : INFO : common : created directory at: artifacts/data_ingestion]
[2026-05-18 01:23:38,381 : INFO : data_ingestion : Downloading file from https://drive.google.com/file/d/1kH263O1V1CbrGufLQdRptPXSYQ3a2AHM/view?usp=sharing to artifacts\data_ingestion\chest_scan.zip]
[2026-05-18 01:24:13,623 : INFO : data_ingestion : Unzipped data size: ~ 0 KB]
[2026-05-18 01:24:13,624 : INFO : stage_01_data_ingestion : >>>>>>> stage Data Ingestion Stage completed <<<<<<<

]
[2026-05-18 01:24:13,626 : INFO : main : stage Data Ingestion Stage completed]
[2026-05-18 14:06:54,781 : INFO : main : stage Data Ingestion Stage started]
[2026-05-18 14:06:54,782 : INFO : stage_01_data_ingestion : >>>>>>> stage Data Ingestion Stage started <<<<<<<]
[2026-05-18 14:06:54,828 : INFO : common : yaml file: config\config.yaml loaded successfully]
[2026-05-18 14:06:54,853 : INFO : common : yaml file: E:\MLOPs Deep Learning Project\params.yaml loaded successfully]
[2026-05-18 14:06:54,855 : INFO : common : created directory at: artifacts]
[2026-05-18 14:06:54,856 : INFO : common : created directory at: artifacts/data_ingestion]
[2026-05-18 14:06:54,857 : INFO : data_ingestion : File already exists at artifacts\data_ingestion\chest_scan.zip]
[2026-05-18 14:07:01,296 : INFO : data_ingestion : Unzipped data size: ~ 0 KB]
[2026-05-18 14:07:01,298 : INFO : stage_01_data_ingestion : >>>>>>> stage Data Ingestion Stage completed <<<<<<<

]
[2026-05-18 14:07:01,299 : INFO : main : stage Data Ingestion Stage completed]
[2026-05-18 14:08:39,979 : INFO : main : stage Data Ingestion Stage started]
[2026-05-18 14:08:39,979 : INFO : stage_01_data_ingestion : >>>>>>> stage Data Ingestion Stage started <<<<<<<]
[2026-05-18 14:08:40,052 : INFO : common : yaml file: config\config.yaml loaded successfully]
[2026-05-18 14:08:40,061 : INFO : common : yaml file: E:\MLOPs Deep Learning Project\params.yaml loaded successfully]
[2026-05-18 14:08:40,061 : INFO : common : created directory at: artifacts]
[2026-05-18 14:08:40,067 : INFO : common : created directory at: artifacts/data_ingestion]
[2026-05-18 14:08:40,068 : INFO : data_ingestion : File already exists at artifacts\data_ingestion\chest_scan.zip]
[2026-05-18 14:08:45,298 : INFO : data_ingestion : Unzipped data size: ~ 0 KB]
[2026-05-18 14:08:45,301 : INFO : stage_01_data_ingestion : >>>>>>> stage Data Ingestion Stage completed <<<<<<<

]
[2026-05-18 14:08:45,340 : INFO : main : stage Data Ingestion Stage completed]
[2026-05-18 14:22:26,248 : INFO : main : stage Data Ingestion Stage started]
[2026-05-18 14:22:26,248 : INFO : stage_01_data_ingestion : >>>>>>> stage Data Ingestion Stage started <<<<<<<]
[2026-05-18 14:22:26,257 : INFO : common : yaml file: config\config.yaml loaded successfully]
[2026-05-18 14:22:26,270 : INFO : common : yaml file: E:\MLOPs Deep Learning Project\params.yaml loaded successfully]
[2026-05-18 14:22:26,277 : INFO : common : created directory at: artifacts]
[2026-05-18 14:22:26,287 : INFO : common : created directory at: artifacts/data_ingestion]
[2026-05-18 14:22:26,292 : INFO : data_ingestion : File already exists at artifacts\data_ingestion\chest_scan.zip]
[2026-05-18 14:22:30,630 : INFO : data_ingestion : Unzipped data size: ~ 0 KB]
[2026-05-18 14:22:30,632 : INFO : stage_01_data_ingestion : >>>>>>> stage Data Ingestion Stage completed <<<<<<<

]
[2026-05-18 14:22:30,632 : INFO : main : stage Data Ingestion Stage completed]
[2026-05-18 14:26:02,341 : INFO : main : stage Data Ingestion Stage started]
[2026-05-18 14:26:02,341 : INFO : stage_01_data_ingestion : >>>>>>> stage Data Ingestion Stage started <<<<<<<]
[2026-05-18 14:26:02,359 : INFO : common : yaml file: config\config.yaml loaded successfully]
[2026-05-18 14:26:02,364 : INFO : common : yaml file: E:\MLOPs Deep Learning Project\params.yaml loaded successfully]
[2026-05-18 14:26:02,365 : INFO : common : created directory at: artifacts]
[2026-05-18 14:26:02,367 : INFO : common : created directory at: artifacts/data_ingestion]
[2026-05-18 14:26:02,368 : INFO : data_ingestion : File already exists at artifacts\data_ingestion\chest_scan.zip]
[2026-05-18 14:26:08,757 : INFO : data_ingestion : Unzipped data size: ~ 0 KB]
[2026-05-18 14:26:08,762 : INFO : stage_01_data_ingestion : >>>>>>> stage Data Ingestion Stage completed <<<<<<<

]
[2026-05-18 14:26:08,764 : INFO : main : stage Data Ingestion Stage completed]
[2026-05-18 14:26:08,767 : INFO : main : stage Prepare Base Model Stage started]
[2026-05-18 14:26:42,650 : ERROR : main : An error occurred in stage Prepare Base Model Stage: cannot import name 'PrepareBaseModelConfig' from 'cnnClassifier.config' (E:\MLOPs Deep Learning Project\src\cnnClassifier\config\__init__.py)]
Traceback (most recent call last):
  File "E:\MLOPs Deep Learning Project\main.py", line 18, in <module>
    from cnnClassifier.pipeline.stage_02_prepare_base_model import PrepareBaseModelTrainingPipeline
  File "E:\MLOPs Deep Learning Project\src\cnnClassifier\pipeline\stage_02_prepare_base_model.py", line 2, in <module>
    from cnnClassifier.components.prepare_base_model import PrepareBaseModel
  File "E:\MLOPs Deep Learning Project\src\cnnClassifier\components\prepare_base_model.py", line 6, in <module>
    from cnnClassifier.config import PrepareBaseModelConfig
ImportError: cannot import name 'PrepareBaseModelConfig' from 'cnnClassifier.config' (E:\MLOPs Deep Learning Project\src\cnnClassifier\config\__init__.py)
[2026-05-18 14:33:30,032 : INFO : main : stage Data Ingestion Stage started]
[2026-05-18 14:33:30,033 : INFO : stage_01_data_ingestion : >>>>>>> stage Data Ingestion Stage started <<<<<<<]
[2026-05-18 14:33:30,037 : INFO : common : yaml file: config\config.yaml loaded successfully]
[2026-05-18 14:33:30,042 : INFO : common : yaml file: E:\MLOPs Deep Learning Project\params.yaml loaded successfully]
[2026-05-18 14:33:30,044 : INFO : common : created directory at: artifacts]
[2026-05-18 14:33:30,046 : INFO : common : created directory at: artifacts/data_ingestion]
[2026-05-18 14:33:30,047 : INFO : data_ingestion : File already exists at artifacts\data_ingestion\chest_scan.zip]
[2026-05-18 14:33:34,676 : INFO : data_ingestion : Unzipped data size: ~ 0 KB]
[2026-05-18 14:33:34,700 : INFO : stage_01_data_ingestion : >>>>>>> stage Data Ingestion Stage completed <<<<<<<

]
[2026-05-18 14:33:34,744 : INFO : main : stage Data Ingestion Stage completed]
[2026-05-18 14:33:34,764 : INFO : main : stage Prepare Base Model Stage started]
[2026-05-18 14:34:01,071 : INFO : stage_02_prepare_base_model : >>>>>>> stage Prepare Base Model Stage started <<<<<<<]
[2026-05-18 14:34:01,077 : INFO : common : yaml file: config\config.yaml loaded successfully]
[2026-05-18 14:34:01,087 : INFO : common : yaml file: E:\MLOPs Deep Learning Project\params.yaml loaded successfully]
[2026-05-18 14:34:01,088 : INFO : common : created directory at: artifacts]
[2026-05-18 14:34:01,091 : INFO : common : created directory at: artifacts/prepare_base_model]
[2026-05-18 14:34:53,132 : ERROR : stage_02_prepare_base_model : An error occurred in stage Prepare Base Model Stage: 'PrepareBaseModel' object has no attribute 'save_model']
Traceback (most recent call last):
  File "E:\MLOPs Deep Learning Project\src\cnnClassifier\pipeline\stage_02_prepare_base_model.py", line 17, in main
    prepare_base_model.get_base_model()
  File "E:\MLOPs Deep Learning Project\src\cnnClassifier\components\prepare_base_model.py", line 21, in get_base_model
    self.save_model(self.model, self.config.base_model_path)
AttributeError: 'PrepareBaseModel' object has no attribute 'save_model'
[2026-05-18 14:34:53,135 : INFO : main : stage Prepare Base Model Stage completed]
[2026-05-18 14:41:27,418 : INFO : main : stage Data Ingestion Stage started]
[2026-05-18 14:41:27,427 : INFO : stage_01_data_ingestion : >>>>>>> stage Data Ingestion Stage started <<<<<<<]
[2026-05-18 14:41:27,459 : INFO : common : yaml file: config\config.yaml loaded successfully]
[2026-05-18 14:41:27,474 : INFO : common : yaml file: E:\MLOPs Deep Learning Project\params.yaml loaded successfully]
[2026-05-18 14:41:27,478 : INFO : common : created directory at: artifacts]
[2026-05-18 14:41:27,489 : INFO : common : created directory at: artifacts/data_ingestion]
[2026-05-18 14:41:27,493 : INFO : data_ingestion : File already exists at artifacts\data_ingestion\chest_scan.zip]
[2026-05-18 14:41:34,294 : INFO : data_ingestion : Unzipped data size: ~ 0 KB]
[2026-05-18 14:41:34,320 : INFO : stage_01_data_ingestion : >>>>>>> stage Data Ingestion Stage completed <<<<<<<

]
[2026-05-18 14:41:34,322 : INFO : main : stage Data Ingestion Stage completed]
[2026-05-18 14:41:34,330 : INFO : main : stage Prepare Base Model Stage started]
[2026-05-18 14:41:53,446 : INFO : stage_02_prepare_base_model : >>>>>>> stage Prepare Base Model Stage started <<<<<<<]
[2026-05-18 14:41:53,454 : INFO : common : yaml file: config\config.yaml loaded successfully]
[2026-05-18 14:41:53,467 : INFO : common : yaml file: E:\MLOPs Deep Learning Project\params.yaml loaded successfully]
[2026-05-18 14:41:53,472 : INFO : common : created directory at: artifacts]
[2026-05-18 14:41:53,491 : INFO : common : created directory at: artifacts/prepare_base_model]
[2026-05-18 14:41:54,235 : ERROR : stage_02_prepare_base_model : An error occurred in stage Prepare Base Model Stage: 'PrepareBaseModel' object has no attribute 'save_model']
Traceback (most recent call last):
  File "E:\MLOPs Deep Learning Project\src\cnnClassifier\pipeline\stage_02_prepare_base_model.py", line 17, in main
    prepare_base_model.get_base_model()
  File "E:\MLOPs Deep Learning Project\src\cnnClassifier\components\prepare_base_model.py", line 21, in get_base_model
    self.save_model(path=self.config.base_model_path, model=self.model)
AttributeError: 'PrepareBaseModel' object has no attribute 'save_model'
[2026-05-18 14:41:54,239 : INFO : main : stage Prepare Base Model Stage completed]
[2026-05-18 14:42:50,982 : INFO : main : stage Data Ingestion Stage started]
[2026-05-18 14:42:50,982 : INFO : stage_01_data_ingestion : >>>>>>> stage Data Ingestion Stage started <<<<<<<]
[2026-05-18 14:42:50,989 : INFO : common : yaml file: config\config.yaml loaded successfully]
[2026-05-18 14:42:50,993 : INFO : common : yaml file: E:\MLOPs Deep Learning Project\params.yaml loaded successfully]
[2026-05-18 14:42:50,995 : INFO : common : created directory at: artifacts]
[2026-05-18 14:42:50,996 : INFO : common : created directory at: artifacts/data_ingestion]
[2026-05-18 14:42:50,996 : INFO : data_ingestion : File already exists at artifacts\data_ingestion\chest_scan.zip]
[2026-05-18 14:42:56,420 : INFO : data_ingestion : Unzipped data size: ~ 0 KB]
[2026-05-18 14:42:56,426 : INFO : stage_01_data_ingestion : >>>>>>> stage Data Ingestion Stage completed <<<<<<<

]
[2026-05-18 14:42:56,437 : INFO : main : stage Data Ingestion Stage completed]
[2026-05-18 14:42:56,438 : INFO : main : stage Prepare Base Model Stage started]
[2026-05-18 14:43:12,921 : INFO : stage_02_prepare_base_model : >>>>>>> stage Prepare Base Model Stage started <<<<<<<]
[2026-05-18 14:43:12,926 : INFO : common : yaml file: config\config.yaml loaded successfully]
[2026-05-18 14:43:12,930 : INFO : common : yaml file: E:\MLOPs Deep Learning Project\params.yaml loaded successfully]
[2026-05-18 14:43:12,932 : INFO : common : created directory at: artifacts]
[2026-05-18 14:43:12,933 : INFO : common : created directory at: artifacts/prepare_base_model]
[2026-05-18 14:43:13,770 : WARNING : saving_api : You are saving your model as an HDF5 file via `model.save()` or `keras.saving.save_model(model)`. This file format is considered legacy. We recommend using instead the native Keras format, e.g. `model.save('my_model.keras')` or `keras.saving.save_model(model, 'my_model.keras')`. ]
[2026-05-18 14:43:14,066 : WARNING : config : TensorFlow GPU support is not available on native Windows for TensorFlow >= 2.11. Even if CUDA/cuDNN are installed, GPU will not be used. Please use WSL2 or the TensorFlow-DirectML plugin.]
[2026-05-18 14:43:14,132 : WARNING : saving_api : You are saving your model as an HDF5 file via `model.save()` or `keras.saving.save_model(model)`. This file format is considered legacy. We recommend using instead the native Keras format, e.g. `model.save('my_model.keras')` or `keras.saving.save_model(model, 'my_model.keras')`. ]
[2026-05-18 14:43:14,423 : INFO : stage_02_prepare_base_model : >>>>>>> stage Prepare Base Model Stage completed <<<<<<<

]
[2026-05-18 14:43:14,424 : INFO : main : stage Prepare Base Model Stage completed]
[2026-05-18 16:48:53,241 : INFO : main : stage Data Ingestion Stage started]
[2026-05-18 16:48:53,250 : INFO : stage_01_data_ingestion : >>>>>>> stage Data Ingestion Stage started <<<<<<<]
[2026-05-18 16:48:53,276 : INFO : common : yaml file: config\config.yaml loaded successfully]
[2026-05-18 16:48:53,283 : INFO : common : yaml file: E:\MLOPs Deep Learning Project\params.yaml loaded successfully]
[2026-05-18 16:48:53,285 : INFO : common : created directory at: artifacts]
[2026-05-18 16:48:53,287 : INFO : common : created directory at: artifacts/data_ingestion]
[2026-05-18 16:48:53,287 : INFO : data_ingestion : File already exists at artifacts\data_ingestion\chest_scan.zip]
[2026-05-18 16:48:58,857 : INFO : data_ingestion : Unzipped data size: ~ 0 KB]
[2026-05-18 16:48:58,863 : INFO : stage_01_data_ingestion : >>>>>>> stage Data Ingestion Stage completed <<<<<<<

]
[2026-05-18 16:48:58,863 : INFO : main : stage Data Ingestion Stage completed]
[2026-05-18 16:48:58,865 : INFO : main : stage Prepare Base Model Stage started]
[2026-05-18 16:49:19,798 : INFO : stage_02_prepare_base_model : >>>>>>> stage Prepare Base Model Stage started <<<<<<<]
[2026-05-18 16:49:19,809 : INFO : common : yaml file: config\config.yaml loaded successfully]
[2026-05-18 16:49:19,813 : INFO : common : yaml file: E:\MLOPs Deep Learning Project\params.yaml loaded successfully]
[2026-05-18 16:49:19,815 : INFO : common : created directory at: artifacts]
[2026-05-18 16:49:19,815 : INFO : common : created directory at: artifacts/prepare_base_model]
[2026-05-18 16:49:21,397 : WARNING : saving_api : You are saving your model as an HDF5 file via `model.save()` or `keras.saving.save_model(model)`. This file format is considered legacy. We recommend using instead the native Keras format, e.g. `model.save('my_model.keras')` or `keras.saving.save_model(model, 'my_model.keras')`. ]
[2026-05-18 16:49:21,995 : WARNING : config : TensorFlow GPU support is not available on native Windows for TensorFlow >= 2.11. Even if CUDA/cuDNN are installed, GPU will not be used. Please use WSL2 or the TensorFlow-DirectML plugin.]
[2026-05-18 16:49:22,158 : WARNING : saving_api : You are saving your model as an HDF5 file via `model.save()` or `keras.saving.save_model(model)`. This file format is considered legacy. We recommend using instead the native Keras format, e.g. `model.save('my_model.keras')` or `keras.saving.save_model(model, 'my_model.keras')`. ]
[2026-05-18 16:49:22,794 : INFO : stage_02_prepare_base_model : >>>>>>> stage Prepare Base Model Stage completed <<<<<<<

]
[2026-05-18 16:49:22,795 : INFO : main : stage Prepare Base Model Stage completed]
[2026-05-18 16:59:01,113 : INFO : main : stage Data Ingestion Stage started]
[2026-05-18 16:59:01,113 : INFO : stage_01_data_ingestion : >>>>>>> stage Data Ingestion Stage started <<<<<<<]
[2026-05-18 16:59:01,119 : INFO : common : yaml file: config\config.yaml loaded successfully]
[2026-05-18 16:59:01,130 : INFO : common : yaml file: E:\MLOPs Deep Learning Project\params.yaml loaded successfully]
[2026-05-18 16:59:01,134 : INFO : common : created directory at: artifacts]
[2026-05-18 16:59:01,136 : INFO : common : created directory at: artifacts/data_ingestion]
[2026-05-18 16:59:01,136 : INFO : data_ingestion : File already exists at artifacts\data_ingestion\chest_scan.zip]
[2026-05-18 16:59:07,070 : INFO : data_ingestion : Unzipped data size: ~ 0 KB]
[2026-05-18 16:59:07,072 : INFO : stage_01_data_ingestion : >>>>>>> stage Data Ingestion Stage completed <<<<<<<

]
[2026-05-18 16:59:07,072 : INFO : main : stage Data Ingestion Stage completed]
[2026-05-18 16:59:07,072 : INFO : main : stage Prepare Base Model Stage started]
[2026-05-18 16:59:22,367 : INFO : stage_02_prepare_base_model : >>>>>>> stage Prepare Base Model Stage started <<<<<<<]
[2026-05-18 16:59:22,382 : INFO : common : yaml file: config\config.yaml loaded successfully]
[2026-05-18 16:59:22,394 : INFO : common : yaml file: E:\MLOPs Deep Learning Project\params.yaml loaded successfully]
[2026-05-18 16:59:22,397 : INFO : common : created directory at: artifacts]
[2026-05-18 16:59:22,400 : INFO : common : created directory at: artifacts/prepare_base_model]
[2026-05-18 16:59:23,369 : WARNING : saving_api : You are saving your model as an HDF5 file via `model.save()` or `keras.saving.save_model(model)`. This file format is considered legacy. We recommend using instead the native Keras format, e.g. `model.save('my_model.keras')` or `keras.saving.save_model(model, 'my_model.keras')`. ]
[2026-05-18 16:59:23,843 : WARNING : config : TensorFlow GPU support is not available on native Windows for TensorFlow >= 2.11. Even if CUDA/cuDNN are installed, GPU will not be used. Please use WSL2 or the TensorFlow-DirectML plugin.]
[2026-05-18 16:59:23,930 : WARNING : saving_api : You are saving your model as an HDF5 file via `model.save()` or `keras.saving.save_model(model)`. This file format is considered legacy. We recommend using instead the native Keras format, e.g. `model.save('my_model.keras')` or `keras.saving.save_model(model, 'my_model.keras')`. ]
[2026-05-18 16:59:24,246 : INFO : stage_02_prepare_base_model : >>>>>>> stage Prepare Base Model Stage completed <<<<<<<

]
[2026-05-18 16:59:24,246 : INFO : main : stage Prepare Base Model Stage completed]
[2026-05-18 18:50:43,921 : INFO : main : stage Data Ingestion Stage started]
[2026-05-18 18:50:44,017 : INFO : stage_01_data_ingestion : >>>>>>> stage Data Ingestion Stage started <<<<<<<]
[2026-05-18 18:50:44,025 : INFO : common : yaml file: config\config.yaml loaded successfully]
[2026-05-18 18:50:44,034 : INFO : common : yaml file: E:\MLOPs Deep Learning Project\params.yaml loaded successfully]
[2026-05-18 18:50:44,036 : INFO : common : created directory at: artifacts]
[2026-05-18 18:50:44,037 : INFO : common : created directory at: artifacts/data_ingestion]
[2026-05-18 18:50:44,038 : INFO : data_ingestion : File already exists at artifacts\data_ingestion\chest_scan.zip]
[2026-05-18 18:50:51,148 : INFO : data_ingestion : Unzipped data size: ~ 0 KB]
[2026-05-18 18:50:51,150 : INFO : stage_01_data_ingestion : >>>>>>> stage Data Ingestion Stage completed <<<<<<<

]
[2026-05-18 18:50:51,150 : INFO : main : stage Data Ingestion Stage completed]
[2026-05-18 18:50:51,152 : INFO : main : stage Prepare Base Model Stage started]
[2026-05-18 18:51:15,807 : INFO : stage_02_prepare_base_model : >>>>>>> stage Prepare Base Model Stage started <<<<<<<]
[2026-05-18 18:51:15,814 : INFO : common : yaml file: config\config.yaml loaded successfully]
[2026-05-18 18:51:15,820 : INFO : common : yaml file: E:\MLOPs Deep Learning Project\params.yaml loaded successfully]
[2026-05-18 18:51:15,821 : INFO : common : created directory at: artifacts]
[2026-05-18 18:51:15,823 : INFO : common : created directory at: artifacts/prepare_base_model]
[2026-05-18 18:51:16,897 : WARNING : saving_api : You are saving your model as an HDF5 file via `model.save()` or `keras.saving.save_model(model)`. This file format is considered legacy. We recommend using instead the native Keras format, e.g. `model.save('my_model.keras')` or `keras.saving.save_model(model, 'my_model.keras')`. ]
[2026-05-18 18:51:17,378 : WARNING : config : TensorFlow GPU support is not available on native Windows for TensorFlow >= 2.11. Even if CUDA/cuDNN are installed, GPU will not be used. Please use WSL2 or the TensorFlow-DirectML plugin.]
[2026-05-18 18:51:17,459 : WARNING : saving_api : You are saving your model as an HDF5 file via `model.save()` or `keras.saving.save_model(model)`. This file format is considered legacy. We recommend using instead the native Keras format, e.g. `model.save('my_model.keras')` or `keras.saving.save_model(model, 'my_model.keras')`. ]
[2026-05-18 18:51:18,079 : INFO : stage_02_prepare_base_model : >>>>>>> stage Prepare Base Model Stage completed <<<<<<<

]
[2026-05-18 18:51:18,080 : INFO : main : stage Prepare Base Model Stage completed]
[2026-05-18 19:42:08,598 : INFO : main : stage Data Ingestion Stage started]
[2026-05-18 19:42:08,699 : INFO : stage_01_data_ingestion : >>>>>>> stage Data Ingestion Stage started <<<<<<<]
[2026-05-18 19:42:08,716 : INFO : common : yaml file: config\config.yaml loaded successfully]
[2026-05-18 19:42:08,723 : INFO : common : yaml file: E:\MLOPs Deep Learning Project\params.yaml loaded successfully]
[2026-05-18 19:42:08,727 : INFO : common : created directory at: artifacts]
[2026-05-18 19:42:08,753 : INFO : common : created directory at: artifacts/data_ingestion]
[2026-05-18 19:42:08,755 : INFO : data_ingestion : File already exists at artifacts\data_ingestion\chest_scan.zip]
[2026-05-18 19:42:15,600 : INFO : data_ingestion : Unzipped data size: ~ 0 KB]
[2026-05-18 19:42:15,612 : INFO : stage_01_data_ingestion : >>>>>>> stage Data Ingestion Stage completed <<<<<<<

]
[2026-05-18 19:42:15,628 : INFO : main : stage Data Ingestion Stage completed]
[2026-05-18 19:42:15,645 : INFO : main : stage Prepare Base Model Stage started]
[2026-05-18 19:42:42,222 : INFO : stage_02_prepare_base_model : >>>>>>> stage Prepare Base Model Stage started <<<<<<<]
[2026-05-18 19:42:42,232 : INFO : common : yaml file: config\config.yaml loaded successfully]
[2026-05-18 19:42:42,236 : INFO : common : yaml file: E:\MLOPs Deep Learning Project\params.yaml loaded successfully]
[2026-05-18 19:42:42,237 : INFO : common : created directory at: artifacts]
[2026-05-18 19:42:42,239 : INFO : common : created directory at: artifacts/prepare_base_model]
[2026-05-18 19:42:43,705 : WARNING : saving_api : You are saving your model as an HDF5 file via `model.save()` or `keras.saving.save_model(model)`. This file format is considered legacy. We recommend using instead the native Keras format, e.g. `model.save('my_model.keras')` or `keras.saving.save_model(model, 'my_model.keras')`. ]
[2026-05-18 19:42:44,259 : WARNING : config : TensorFlow GPU support is not available on native Windows for TensorFlow >= 2.11. Even if CUDA/cuDNN are installed, GPU will not be used. Please use WSL2 or the TensorFlow-DirectML plugin.]
[2026-05-18 19:42:44,397 : WARNING : saving_api : You are saving your model as an HDF5 file via `model.save()` or `keras.saving.save_model(model)`. This file format is considered legacy. We recommend using instead the native Keras format, e.g. `model.save('my_model.keras')` or `keras.saving.save_model(model, 'my_model.keras')`. ]
[2026-05-18 19:42:44,970 : INFO : stage_02_prepare_base_model : >>>>>>> stage Prepare Base Model Stage completed <<<<<<<

]
[2026-05-18 19:42:44,970 : INFO : main : stage Prepare Base Model Stage completed]
[2026-05-18 19:43:57,403 : INFO : main : stage Data Ingestion Stage started]
[2026-05-18 19:43:57,410 : INFO : stage_01_data_ingestion : >>>>>>> stage Data Ingestion Stage started <<<<<<<]
[2026-05-18 19:43:57,434 : INFO : common : yaml file: config\config.yaml loaded successfully]
[2026-05-18 19:43:57,467 : INFO : common : yaml file: E:\MLOPs Deep Learning Project\params.yaml loaded successfully]
[2026-05-18 19:43:57,500 : INFO : common : created directory at: artifacts]
[2026-05-18 19:43:57,727 : INFO : common : created directory at: artifacts/data_ingestion]
[2026-05-18 19:43:57,748 : INFO : data_ingestion : File already exists at artifacts\data_ingestion\chest_scan.zip]
[2026-05-18 19:44:03,773 : INFO : data_ingestion : Unzipped data size: ~ 0 KB]
[2026-05-18 19:44:03,805 : INFO : stage_01_data_ingestion : >>>>>>> stage Data Ingestion Stage completed <<<<<<<

]
[2026-05-18 19:44:03,842 : INFO : main : stage Data Ingestion Stage completed]
[2026-05-18 19:44:03,931 : INFO : main : stage Prepare Base Model Stage started]
[2026-05-18 19:44:26,012 : INFO : stage_02_prepare_base_model : >>>>>>> stage Prepare Base Model Stage started <<<<<<<]
[2026-05-18 19:44:26,020 : INFO : common : yaml file: config\config.yaml loaded successfully]
[2026-05-18 19:44:26,033 : INFO : common : yaml file: E:\MLOPs Deep Learning Project\params.yaml loaded successfully]
[2026-05-18 19:44:26,033 : INFO : common : created directory at: artifacts]
[2026-05-18 19:44:26,035 : INFO : common : created directory at: artifacts/prepare_base_model]
[2026-05-18 19:44:27,029 : WARNING : saving_api : You are saving your model as an HDF5 file via `model.save()` or `keras.saving.save_model(model)`. This file format is considered legacy. We recommend using instead the native Keras format, e.g. `model.save('my_model.keras')` or `keras.saving.save_model(model, 'my_model.keras')`. ]
[2026-05-18 19:44:27,609 : WARNING : config : TensorFlow GPU support is not available on native Windows for TensorFlow >= 2.11. Even if CUDA/cuDNN are installed, GPU will not be used. Please use WSL2 or the TensorFlow-DirectML plugin.]
[2026-05-18 19:44:27,746 : WARNING : saving_api : You are saving your model as an HDF5 file via `model.save()` or `keras.saving.save_model(model)`. This file format is considered legacy. We recommend using instead the native Keras format, e.g. `model.save('my_model.keras')` or `keras.saving.save_model(model, 'my_model.keras')`. ]
[2026-05-18 19:44:28,274 : INFO : stage_02_prepare_base_model : >>>>>>> stage Prepare Base Model Stage completed <<<<<<<

]
[2026-05-18 19:44:28,274 : INFO : main : stage Prepare Base Model Stage completed]
[2026-05-18 19:56:27,800 : INFO : main : stage Data Ingestion Stage started]
[2026-05-18 19:56:27,899 : INFO : stage_01_data_ingestion : >>>>>>> stage Data Ingestion Stage started <<<<<<<]
[2026-05-18 19:56:27,905 : INFO : common : yaml file: config\config.yaml loaded successfully]
[2026-05-18 19:56:27,914 : INFO : common : yaml file: E:\MLOPs Deep Learning Project\params.yaml loaded successfully]
[2026-05-18 19:56:27,918 : INFO : common : created directory at: artifacts]
[2026-05-18 19:56:27,918 : INFO : common : created directory at: artifacts/data_ingestion]
[2026-05-18 19:56:27,920 : INFO : data_ingestion : File already exists at artifacts\data_ingestion\chest_scan.zip]
[2026-05-18 19:56:33,677 : INFO : data_ingestion : Unzipped data size: ~ 0 KB]
[2026-05-18 19:56:33,679 : INFO : stage_01_data_ingestion : >>>>>>> stage Data Ingestion Stage completed <<<<<<<

]
[2026-05-18 19:56:33,679 : INFO : main : stage Data Ingestion Stage completed]
[2026-05-18 19:56:33,679 : INFO : main : stage Prepare Base Model Stage started]
[2026-05-18 19:56:56,122 : INFO : stage_02_prepare_base_model : >>>>>>> stage Prepare Base Model Stage started <<<<<<<]
[2026-05-18 19:56:56,128 : INFO : common : yaml file: config\config.yaml loaded successfully]
[2026-05-18 19:56:56,133 : INFO : common : yaml file: E:\MLOPs Deep Learning Project\params.yaml loaded successfully]
[2026-05-18 19:56:56,134 : INFO : common : created directory at: artifacts]
[2026-05-18 19:56:56,136 : INFO : common : created directory at: artifacts/prepare_base_model]
[2026-05-18 19:56:58,265 : WARNING : saving_api : You are saving your model as an HDF5 file via `model.save()` or `keras.saving.save_model(model)`. This file format is considered legacy. We recommend using instead the native Keras format, e.g. `model.save('my_model.keras')` or `keras.saving.save_model(model, 'my_model.keras')`. ]
[2026-05-18 19:56:59,125 : WARNING : config : TensorFlow GPU support is not available on native Windows for TensorFlow >= 2.11. Even if CUDA/cuDNN are installed, GPU will not be used. Please use WSL2 or the TensorFlow-DirectML plugin.]
[2026-05-18 19:56:59,240 : WARNING : saving_api : You are saving your model as an HDF5 file via `model.save()` or `keras.saving.save_model(model)`. This file format is considered legacy. We recommend using instead the native Keras format, e.g. `model.save('my_model.keras')` or `keras.saving.save_model(model, 'my_model.keras')`. ]
[2026-05-18 19:57:00,126 : INFO : stage_02_prepare_base_model : >>>>>>> stage Prepare Base Model Stage completed <<<<<<<

]
[2026-05-18 19:57:00,126 : INFO : main : stage Prepare Base Model Stage completed]
[2026-05-18 20:14:51,519 : INFO : main : stage Data Ingestion Stage started]
[2026-05-18 20:14:51,520 : INFO : stage_01_data_ingestion : >>>>>>> stage Data Ingestion Stage started <<<<<<<]
[2026-05-18 20:14:51,527 : INFO : common : yaml file: config\config.yaml loaded successfully]
[2026-05-18 20:14:51,533 : INFO : common : yaml file: E:\MLOPs Deep Learning Project\params.yaml loaded successfully]
[2026-05-18 20:14:51,534 : INFO : common : created directory at: artifacts]
[2026-05-18 20:14:51,536 : INFO : common : created directory at: artifacts/data_ingestion]
[2026-05-18 20:14:51,538 : INFO : data_ingestion : File already exists at artifacts\data_ingestion\chest_scan.zip]
[2026-05-18 20:14:55,858 : INFO : data_ingestion : Unzipped data size: ~ 0 KB]
[2026-05-18 20:14:55,862 : INFO : stage_01_data_ingestion : >>>>>>> stage Data Ingestion Stage completed <<<<<<<

]
[2026-05-18 20:14:55,862 : INFO : main : stage Data Ingestion Stage completed]
[2026-05-18 20:14:55,862 : INFO : main : stage Prepare Base Model Stage started]
[2026-05-18 20:15:10,341 : INFO : stage_02_prepare_base_model : >>>>>>> stage Prepare Base Model Stage started <<<<<<<]
[2026-05-18 20:15:10,346 : INFO : common : yaml file: config\config.yaml loaded successfully]
[2026-05-18 20:15:10,350 : INFO : common : yaml file: E:\MLOPs Deep Learning Project\params.yaml loaded successfully]
[2026-05-18 20:15:10,351 : INFO : common : created directory at: artifacts]
[2026-05-18 20:15:10,353 : INFO : common : created directory at: artifacts/prepare_base_model]
[2026-05-18 20:15:11,049 : WARNING : saving_api : You are saving your model as an HDF5 file via `model.save()` or `keras.saving.save_model(model)`. This file format is considered legacy. We recommend using instead the native Keras format, e.g. `model.save('my_model.keras')` or `keras.saving.save_model(model, 'my_model.keras')`. ]
[2026-05-18 20:15:11,548 : WARNING : config : TensorFlow GPU support is not available on native Windows for TensorFlow >= 2.11. Even if CUDA/cuDNN are installed, GPU will not be used. Please use WSL2 or the TensorFlow-DirectML plugin.]
[2026-05-18 20:15:11,601 : WARNING : saving_api : You are saving your model as an HDF5 file via `model.save()` or `keras.saving.save_model(model)`. This file format is considered legacy. We recommend using instead the native Keras format, e.g. `model.save('my_model.keras')` or `keras.saving.save_model(model, 'my_model.keras')`. ]
[2026-05-18 20:15:11,948 : INFO : stage_02_prepare_base_model : >>>>>>> stage Prepare Base Model Stage completed <<<<<<<

]
[2026-05-18 20:15:11,948 : INFO : main : stage Prepare Base Model Stage completed]
[2026-05-18 20:43:27,626 : INFO : main : stage Data Ingestion Stage started]
[2026-05-18 20:43:27,633 : INFO : stage_01_data_ingestion : >>>>>>> stage Data Ingestion Stage started <<<<<<<]
[2026-05-18 20:43:27,635 : INFO : common : yaml file: config\config.yaml loaded successfully]
[2026-05-18 20:43:27,641 : INFO : common : yaml file: E:\MLOPs Deep Learning Project\params.yaml loaded successfully]
[2026-05-18 20:43:27,642 : INFO : common : created directory at: artifacts]
[2026-05-18 20:43:27,643 : INFO : common : created directory at: artifacts/data_ingestion]
[2026-05-18 20:43:27,644 : INFO : data_ingestion : Downloading file from https://drive.google.com/file/d/1kH263O1V1CbrGufLQdRptPXSYQ3a2AHM/view?usp=sharing to artifacts\data_ingestion\chest_scan.zip]
[2026-05-18 20:43:56,150 : INFO : data_ingestion : Unzipped data size: ~ 0 KB]
[2026-05-18 20:43:56,152 : INFO : stage_01_data_ingestion : >>>>>>> stage Data Ingestion Stage completed <<<<<<<

]
[2026-05-18 20:43:56,153 : INFO : main : stage Data Ingestion Stage completed]
[2026-05-18 20:43:56,154 : INFO : main : stage Prepare Base Model Stage started]
[2026-05-18 20:44:08,885 : INFO : stage_02_prepare_base_model : >>>>>>> stage Prepare Base Model Stage started <<<<<<<]
[2026-05-18 20:44:08,889 : INFO : common : yaml file: config\config.yaml loaded successfully]
[2026-05-18 20:44:08,892 : INFO : common : yaml file: E:\MLOPs Deep Learning Project\params.yaml loaded successfully]
[2026-05-18 20:44:08,893 : INFO : common : created directory at: artifacts]
[2026-05-18 20:44:08,895 : INFO : common : created directory at: artifacts/prepare_base_model]
[2026-05-18 20:44:09,860 : WARNING : saving_api : You are saving your model as an HDF5 file via `model.save()` or `keras.saving.save_model(model)`. This file format is considered legacy. We recommend using instead the native Keras format, e.g. `model.save('my_model.keras')` or `keras.saving.save_model(model, 'my_model.keras')`. ]
[2026-05-18 20:44:10,110 : WARNING : config : TensorFlow GPU support is not available on native Windows for TensorFlow >= 2.11. Even if CUDA/cuDNN are installed, GPU will not be used. Please use WSL2 or the TensorFlow-DirectML plugin.]
[2026-05-18 20:44:10,204 : WARNING : saving_api : You are saving your model as an HDF5 file via `model.save()` or `keras.saving.save_model(model)`. This file format is considered legacy. We recommend using instead the native Keras format, e.g. `model.save('my_model.keras')` or `keras.saving.save_model(model, 'my_model.keras')`. ]
[2026-05-18 20:44:10,397 : INFO : stage_02_prepare_base_model : >>>>>>> stage Prepare Base Model Stage completed <<<<<<<

]
[2026-05-18 20:44:10,398 : INFO : main : stage Prepare Base Model Stage completed]
[2026-05-18 20:44:10,398 : INFO : main : *******************]
[2026-05-18 20:44:10,407 : INFO : main : >>>>>> stage Training started <<<<<<]
[2026-05-18 20:44:10,408 : INFO : stage_03_model_trainer : Initializing ModelTrainingPipeline...]
[2026-05-18 20:44:10,408 : INFO : stage_03_model_trainer : Fetching training configuration...]
[2026-05-18 20:44:10,416 : INFO : common : yaml file: config\config.yaml loaded successfully]
[2026-05-18 20:44:10,419 : INFO : common : yaml file: E:\MLOPs Deep Learning Project\params.yaml loaded successfully]
[2026-05-18 20:44:10,420 : INFO : common : created directory at: artifacts]
[2026-05-18 20:44:10,422 : INFO : common : created directory at: artifacts\training]
[2026-05-18 20:44:10,422 : INFO : stage_03_model_trainer : Initializing Training class...]
[2026-05-18 20:44:10,422 : INFO : stage_03_model_trainer : Loading base model...]
[2026-05-18 20:44:10,834 : WARNING : saving_utils : Compiled the loaded model, but the compiled metrics have yet to be built. `model.compile_metrics` will be empty until you train or evaluate the model.]
[2026-05-18 20:44:10,852 : INFO : stage_03_model_trainer : Preparing data generators...]
[2026-05-18 20:44:11,375 : INFO : stage_03_model_trainer : Starting model training...]
[2026-05-18 20:44:11,375 : ERROR : stage_03_model_trainer : An error occurred in ModelTrainingPipeline.main():]
Traceback (most recent call last):
  File "E:\MLOPs Deep Learning Project\src\cnnClassifier\pipeline\stage_03_model_trainer.py", line 27, in main
    training.train()
  File "E:\MLOPs Deep Learning Project\src\cnnClassifier\components\model_trainer.py", line 75, in train
    self.model.fit(
  File "C:\Users\Ron\anaconda3\envs\chest\lib\site-packages\keras\src\utils\traceback_utils.py", line 122, in error_handler
    raise e.with_traceback(filtered_tb) from None
  File "C:\Users\Ron\anaconda3\envs\chest\lib\site-packages\keras\src\trainers\data_adapters\py_dataset_adapter.py", line 311, in get_tf_dataset
    raise ValueError("The PyDataset has length 0")
ValueError: The PyDataset has length 0
[2026-05-18 20:44:11,383 : ERROR : main : The PyDataset has length 0]
Traceback (most recent call last):
  File "E:\MLOPs Deep Learning Project\main.py", line 32, in <module>
    model_trainer.main()
  File "E:\MLOPs Deep Learning Project\src\cnnClassifier\pipeline\stage_03_model_trainer.py", line 32, in main
    raise e
  File "E:\MLOPs Deep Learning Project\src\cnnClassifier\pipeline\stage_03_model_trainer.py", line 27, in main
    training.train()
  File "E:\MLOPs Deep Learning Project\src\cnnClassifier\components\model_trainer.py", line 75, in train
    self.model.fit(
  File "C:\Users\Ron\anaconda3\envs\chest\lib\site-packages\keras\src\utils\traceback_utils.py", line 122, in error_handler
    raise e.with_traceback(filtered_tb) from None
  File "C:\Users\Ron\anaconda3\envs\chest\lib\site-packages\keras\src\trainers\data_adapters\py_dataset_adapter.py", line 311, in get_tf_dataset
    raise ValueError("The PyDataset has length 0")
ValueError: The PyDataset has length 0
[2026-05-19 00:02:13,852 : INFO : main : stage Data Ingestion Stage started]
[2026-05-19 00:02:13,855 : INFO : stage_01_data_ingestion : >>>>>>> stage Data Ingestion Stage started <<<<<<<]
[2026-05-19 00:02:13,858 : INFO : common : yaml file: config\config.yaml loaded successfully]
[2026-05-19 00:02:13,869 : INFO : common : yaml file: E:\MLOPs Deep Learning Project\params.yaml loaded successfully]
[2026-05-19 00:02:13,870 : INFO : common : created directory at: artifacts]
[2026-05-19 00:02:13,972 : INFO : common : created directory at: artifacts/data_ingestion]
[2026-05-19 00:02:13,974 : INFO : data_ingestion : Downloading file from https://drive.google.com/file/d/1kH263O1V1CbrGufLQdRptPXSYQ3a2AHM/view?usp=sharing to artifacts\data_ingestion\chest_scan.zip]
[2026-05-19 00:02:33,935 : INFO : data_ingestion : Unzipped data size: ~ 0 KB]
[2026-05-19 00:02:33,936 : INFO : stage_01_data_ingestion : >>>>>>> stage Data Ingestion Stage completed <<<<<<<

]
[2026-05-19 00:02:33,937 : INFO : main : stage Data Ingestion Stage completed]
[2026-05-19 00:02:33,937 : INFO : main : stage Prepare Base Model Stage started]
[2026-05-19 00:02:49,668 : INFO : stage_02_prepare_base_model : >>>>>>> stage Prepare Base Model Stage started <<<<<<<]
[2026-05-19 00:02:49,670 : INFO : common : yaml file: config\config.yaml loaded successfully]
[2026-05-19 00:02:49,677 : INFO : common : yaml file: E:\MLOPs Deep Learning Project\params.yaml loaded successfully]
[2026-05-19 00:02:49,678 : INFO : common : created directory at: artifacts]
[2026-05-19 00:02:49,678 : INFO : common : created directory at: artifacts/prepare_base_model]
[2026-05-19 00:02:50,775 : WARNING : saving_api : You are saving your model as an HDF5 file via `model.save()` or `keras.saving.save_model(model)`. This file format is considered legacy. We recommend using instead the native Keras format, e.g. `model.save('my_model.keras')` or `keras.saving.save_model(model, 'my_model.keras')`. ]
[2026-05-19 00:02:51,138 : WARNING : config : TensorFlow GPU support is not available on native Windows for TensorFlow >= 2.11. Even if CUDA/cuDNN are installed, GPU will not be used. Please use WSL2 or the TensorFlow-DirectML plugin.]
[2026-05-19 00:02:51,209 : WARNING : saving_api : You are saving your model as an HDF5 file via `model.save()` or `keras.saving.save_model(model)`. This file format is considered legacy. We recommend using instead the native Keras format, e.g. `model.save('my_model.keras')` or `keras.saving.save_model(model, 'my_model.keras')`. ]
[2026-05-19 00:02:51,433 : INFO : stage_02_prepare_base_model : >>>>>>> stage Prepare Base Model Stage completed <<<<<<<

]
[2026-05-19 00:02:51,433 : INFO : main : stage Prepare Base Model Stage completed]
[2026-05-19 00:02:51,433 : INFO : main : *******************]
[2026-05-19 00:02:51,443 : INFO : main : >>>>>> stage Training started <<<<<<]
[2026-05-19 00:02:51,444 : INFO : stage_03_model_trainer : Initializing ModelTrainingPipeline...]
[2026-05-19 00:02:51,444 : INFO : stage_03_model_trainer : Fetching training configuration...]
[2026-05-19 00:02:51,452 : INFO : common : yaml file: config\config.yaml loaded successfully]
[2026-05-19 00:02:51,456 : INFO : common : yaml file: E:\MLOPs Deep Learning Project\params.yaml loaded successfully]
[2026-05-19 00:02:51,459 : INFO : common : created directory at: artifacts]
[2026-05-19 00:02:51,460 : INFO : common : created directory at: artifacts\training]
[2026-05-19 00:02:51,461 : INFO : stage_03_model_trainer : Initializing Training class...]
[2026-05-19 00:02:51,462 : INFO : stage_03_model_trainer : Loading base model...]
[2026-05-19 00:02:51,958 : WARNING : saving_utils : Compiled the loaded model, but the compiled metrics have yet to be built. `model.compile_metrics` will be empty until you train or evaluate the model.]
[2026-05-19 00:02:51,971 : INFO : stage_03_model_trainer : Preparing data generators...]
[2026-05-19 00:02:52,545 : INFO : stage_03_model_trainer : Starting model training...]
[2026-05-19 00:02:52,547 : ERROR : stage_03_model_trainer : An error occurred in ModelTrainingPipeline.main():]
Traceback (most recent call last):
  File "E:\MLOPs Deep Learning Project\src\cnnClassifier\pipeline\stage_03_model_trainer.py", line 27, in main
    training.train()
  File "E:\MLOPs Deep Learning Project\src\cnnClassifier\components\model_trainer.py", line 75, in train
    self.model.fit(
  File "C:\Users\Ron\anaconda3\envs\chest\lib\site-packages\keras\src\utils\traceback_utils.py", line 122, in error_handler
    raise e.with_traceback(filtered_tb) from None
  File "C:\Users\Ron\anaconda3\envs\chest\lib\site-packages\keras\src\trainers\data_adapters\py_dataset_adapter.py", line 311, in get_tf_dataset
    raise ValueError("The PyDataset has length 0")
ValueError: The PyDataset has length 0
[2026-05-19 00:02:52,678 : ERROR : main : The PyDataset has length 0]
Traceback (most recent call last):
  File "E:\MLOPs Deep Learning Project\main.py", line 32, in <module>
    model_trainer.main()
  File "E:\MLOPs Deep Learning Project\src\cnnClassifier\pipeline\stage_03_model_trainer.py", line 32, in main
    raise e
  File "E:\MLOPs Deep Learning Project\src\cnnClassifier\pipeline\stage_03_model_trainer.py", line 27, in main
    training.train()
  File "E:\MLOPs Deep Learning Project\src\cnnClassifier\components\model_trainer.py", line 75, in train
    self.model.fit(
  File "C:\Users\Ron\anaconda3\envs\chest\lib\site-packages\keras\src\utils\traceback_utils.py", line 122, in error_handler
    raise e.with_traceback(filtered_tb) from None
  File "C:\Users\Ron\anaconda3\envs\chest\lib\site-packages\keras\src\trainers\data_adapters\py_dataset_adapter.py", line 311, in get_tf_dataset
    raise ValueError("The PyDataset has length 0")
ValueError: The PyDataset has length 0
[2026-05-19 00:08:13,729 : INFO : main : stage Data Ingestion Stage started]
[2026-05-19 00:08:13,820 : INFO : stage_01_data_ingestion : >>>>>>> stage Data Ingestion Stage started <<<<<<<]
[2026-05-19 00:08:13,872 : INFO : common : yaml file: config\config.yaml loaded successfully]
[2026-05-19 00:08:13,876 : INFO : common : yaml file: E:\MLOPs Deep Learning Project\params.yaml loaded successfully]
[2026-05-19 00:08:13,879 : INFO : common : created directory at: artifacts]
[2026-05-19 00:08:13,880 : INFO : common : created directory at: artifacts/data_ingestion]
[2026-05-19 00:08:13,880 : INFO : data_ingestion : Downloading file from https://drive.google.com/file/d/17KIFkY51DuH6LSLjG7ewZEWA39aDZELd/view?usp=sharing to artifacts\data_ingestion\chest_scan.zip]
[2026-05-19 00:08:52,595 : INFO : data_ingestion : Unzipped data size: ~ 0 KB]
[2026-05-19 00:08:52,601 : INFO : stage_01_data_ingestion : >>>>>>> stage Data Ingestion Stage completed <<<<<<<

]
[2026-05-19 00:08:52,603 : INFO : main : stage Data Ingestion Stage completed]
[2026-05-19 00:08:52,631 : INFO : main : stage Prepare Base Model Stage started]
[2026-05-19 00:09:06,882 : INFO : stage_02_prepare_base_model : >>>>>>> stage Prepare Base Model Stage started <<<<<<<]
[2026-05-19 00:09:06,890 : INFO : common : yaml file: config\config.yaml loaded successfully]
[2026-05-19 00:09:06,890 : INFO : common : yaml file: E:\MLOPs Deep Learning Project\params.yaml loaded successfully]
[2026-05-19 00:09:06,890 : INFO : common : created directory at: artifacts]
[2026-05-19 00:09:06,896 : INFO : common : created directory at: artifacts/prepare_base_model]
[2026-05-19 00:09:07,666 : WARNING : saving_api : You are saving your model as an HDF5 file via `model.save()` or `keras.saving.save_model(model)`. This file format is considered legacy. We recommend using instead the native Keras format, e.g. `model.save('my_model.keras')` or `keras.saving.save_model(model, 'my_model.keras')`. ]
[2026-05-19 00:09:07,909 : WARNING : config : TensorFlow GPU support is not available on native Windows for TensorFlow >= 2.11. Even if CUDA/cuDNN are installed, GPU will not be used. Please use WSL2 or the TensorFlow-DirectML plugin.]
[2026-05-19 00:09:07,981 : WARNING : saving_api : You are saving your model as an HDF5 file via `model.save()` or `keras.saving.save_model(model)`. This file format is considered legacy. We recommend using instead the native Keras format, e.g. `model.save('my_model.keras')` or `keras.saving.save_model(model, 'my_model.keras')`. ]
[2026-05-19 00:09:08,217 : INFO : stage_02_prepare_base_model : >>>>>>> stage Prepare Base Model Stage completed <<<<<<<

]
[2026-05-19 00:09:08,217 : INFO : main : stage Prepare Base Model Stage completed]
[2026-05-19 00:09:08,217 : INFO : main : *******************]
[2026-05-19 00:09:08,217 : INFO : main : >>>>>> stage Training started <<<<<<]
[2026-05-19 00:09:08,217 : INFO : stage_03_model_trainer : Initializing ModelTrainingPipeline...]
[2026-05-19 00:09:08,217 : INFO : stage_03_model_trainer : Fetching training configuration...]
[2026-05-19 00:09:08,244 : INFO : common : yaml file: config\config.yaml loaded successfully]
[2026-05-19 00:09:08,250 : INFO : common : yaml file: E:\MLOPs Deep Learning Project\params.yaml loaded successfully]
[2026-05-19 00:09:08,250 : INFO : common : created directory at: artifacts]
[2026-05-19 00:09:08,254 : INFO : common : created directory at: artifacts\training]
[2026-05-19 00:09:08,254 : INFO : stage_03_model_trainer : Initializing Training class...]
[2026-05-19 00:09:08,257 : INFO : stage_03_model_trainer : Loading base model...]
[2026-05-19 00:09:08,615 : WARNING : saving_utils : Compiled the loaded model, but the compiled metrics have yet to be built. `model.compile_metrics` will be empty until you train or evaluate the model.]
[2026-05-19 00:09:08,627 : INFO : stage_03_model_trainer : Preparing data generators...]
[2026-05-19 00:09:08,627 : ERROR : stage_03_model_trainer : An error occurred in ModelTrainingPipeline.main():]
Traceback (most recent call last):
  File "E:\MLOPs Deep Learning Project\src\cnnClassifier\pipeline\stage_03_model_trainer.py", line 24, in main
    training.train_valid_generator()
  File "E:\MLOPs Deep Learning Project\src\cnnClassifier\components\model_trainer.py", line 37, in train_valid_generator
    self.valid_generator = valid_datagenerator.flow_from_directory(
  File "C:\Users\Ron\anaconda3\envs\chest\lib\site-packages\keras\src\legacy\preprocessing\image.py", line 1136, in flow_from_directory
    return DirectoryIterator(
  File "C:\Users\Ron\anaconda3\envs\chest\lib\site-packages\keras\src\legacy\preprocessing\image.py", line 456, in __init__
    for subdir in sorted(os.listdir(directory)):
FileNotFoundError: [WinError 3] The system cannot find the path specified: 'artifacts\\data_ingestion\\chest_scan\\train'
[2026-05-19 00:09:08,669 : ERROR : main : [WinError 3] The system cannot find the path specified: 'artifacts\\data_ingestion\\chest_scan\\train']
Traceback (most recent call last):
  File "E:\MLOPs Deep Learning Project\main.py", line 32, in <module>
    model_trainer.main()
  File "E:\MLOPs Deep Learning Project\src\cnnClassifier\pipeline\stage_03_model_trainer.py", line 32, in main
    raise e
  File "E:\MLOPs Deep Learning Project\src\cnnClassifier\pipeline\stage_03_model_trainer.py", line 24, in main
    training.train_valid_generator()
  File "E:\MLOPs Deep Learning Project\src\cnnClassifier\components\model_trainer.py", line 37, in train_valid_generator
    self.valid_generator = valid_datagenerator.flow_from_directory(
  File "C:\Users\Ron\anaconda3\envs\chest\lib\site-packages\keras\src\legacy\preprocessing\image.py", line 1136, in flow_from_directory
    return DirectoryIterator(
  File "C:\Users\Ron\anaconda3\envs\chest\lib\site-packages\keras\src\legacy\preprocessing\image.py", line 456, in __init__
    for subdir in sorted(os.listdir(directory)):
FileNotFoundError: [WinError 3] The system cannot find the path specified: 'artifacts\\data_ingestion\\chest_scan\\train'
[2026-05-19 00:11:41,419 : INFO : main : stage Data Ingestion Stage started]
[2026-05-19 00:11:41,419 : INFO : stage_01_data_ingestion : >>>>>>> stage Data Ingestion Stage started <<<<<<<]
[2026-05-19 00:11:41,425 : INFO : common : yaml file: config\config.yaml loaded successfully]
[2026-05-19 00:11:41,431 : INFO : common : yaml file: E:\MLOPs Deep Learning Project\params.yaml loaded successfully]
[2026-05-19 00:11:41,432 : INFO : common : created directory at: artifacts]
[2026-05-19 00:11:41,433 : INFO : common : created directory at: artifacts/data_ingestion]
[2026-05-19 00:11:41,434 : INFO : data_ingestion : File already exists at artifacts\data_ingestion\chest_scan.zip]
[2026-05-19 00:11:43,205 : INFO : data_ingestion : Unzipped data size: ~ 0 KB]
[2026-05-19 00:11:43,205 : INFO : stage_01_data_ingestion : >>>>>>> stage Data Ingestion Stage completed <<<<<<<

]
[2026-05-19 00:11:43,205 : INFO : main : stage Data Ingestion Stage completed]
[2026-05-19 00:11:43,205 : INFO : main : stage Prepare Base Model Stage started]
[2026-05-19 00:11:55,146 : INFO : stage_02_prepare_base_model : >>>>>>> stage Prepare Base Model Stage started <<<<<<<]
[2026-05-19 00:11:55,146 : INFO : common : yaml file: config\config.yaml loaded successfully]
[2026-05-19 00:11:55,157 : INFO : common : yaml file: E:\MLOPs Deep Learning Project\params.yaml loaded successfully]
[2026-05-19 00:11:55,159 : INFO : common : created directory at: artifacts]
[2026-05-19 00:11:55,161 : INFO : common : created directory at: artifacts/prepare_base_model]
[2026-05-19 00:11:55,792 : WARNING : saving_api : You are saving your model as an HDF5 file via `model.save()` or `keras.saving.save_model(model)`. This file format is considered legacy. We recommend using instead the native Keras format, e.g. `model.save('my_model.keras')` or `keras.saving.save_model(model, 'my_model.keras')`. ]
[2026-05-19 00:11:56,290 : WARNING : config : TensorFlow GPU support is not available on native Windows for TensorFlow >= 2.11. Even if CUDA/cuDNN are installed, GPU will not be used. Please use WSL2 or the TensorFlow-DirectML plugin.]
[2026-05-19 00:11:56,365 : WARNING : saving_api : You are saving your model as an HDF5 file via `model.save()` or `keras.saving.save_model(model)`. This file format is considered legacy. We recommend using instead the native Keras format, e.g. `model.save('my_model.keras')` or `keras.saving.save_model(model, 'my_model.keras')`. ]
[2026-05-19 00:11:57,022 : INFO : stage_02_prepare_base_model : >>>>>>> stage Prepare Base Model Stage completed <<<<<<<

]
[2026-05-19 00:11:57,022 : INFO : main : stage Prepare Base Model Stage completed]
[2026-05-19 00:11:57,027 : INFO : main : *******************]
[2026-05-19 00:11:57,029 : INFO : main : >>>>>> stage Training started <<<<<<]
[2026-05-19 00:11:57,029 : INFO : stage_03_model_trainer : Initializing ModelTrainingPipeline...]
[2026-05-19 00:11:57,029 : INFO : stage_03_model_trainer : Fetching training configuration...]
[2026-05-19 00:11:57,039 : INFO : common : yaml file: config\config.yaml loaded successfully]
[2026-05-19 00:11:57,044 : INFO : common : yaml file: E:\MLOPs Deep Learning Project\params.yaml loaded successfully]
[2026-05-19 00:11:57,049 : INFO : common : created directory at: artifacts]
[2026-05-19 00:11:57,051 : INFO : common : created directory at: artifacts\training]
[2026-05-19 00:11:57,051 : INFO : stage_03_model_trainer : Initializing Training class...]
[2026-05-19 00:11:57,052 : INFO : stage_03_model_trainer : Loading base model...]
[2026-05-19 00:11:57,413 : WARNING : saving_utils : Compiled the loaded model, but the compiled metrics have yet to be built. `model.compile_metrics` will be empty until you train or evaluate the model.]
[2026-05-19 00:11:57,413 : INFO : stage_03_model_trainer : Preparing data generators...]
[2026-05-19 00:11:57,611 : INFO : stage_03_model_trainer : Starting model training...]
[2026-05-19 00:12:00,330 : ERROR : stage_03_model_trainer : An error occurred in ModelTrainingPipeline.main():]
Traceback (most recent call last):
  File "E:\MLOPs Deep Learning Project\src\cnnClassifier\pipeline\stage_03_model_trainer.py", line 27, in main
    training.train()
  File "E:\MLOPs Deep Learning Project\src\cnnClassifier\components\model_trainer.py", line 75, in train
    self.model.fit(
  File "C:\Users\Ron\anaconda3\envs\chest\lib\site-packages\keras\src\utils\traceback_utils.py", line 122, in error_handler
    raise e.with_traceback(filtered_tb) from None
  File "C:\Users\Ron\anaconda3\envs\chest\lib\site-packages\keras\src\backend\tensorflow\nn.py", line 669, in categorical_crossentropy
    raise ValueError(
ValueError: Arguments `target` and `output` must have the same shape. Received: target.shape=(None, 1), output.shape=(None, 2)
[2026-05-19 00:12:00,330 : ERROR : main : Arguments `target` and `output` must have the same shape. Received: target.shape=(None, 1), output.shape=(None, 2)]
Traceback (most recent call last):
  File "E:\MLOPs Deep Learning Project\main.py", line 32, in <module>
    model_trainer.main()
  File "E:\MLOPs Deep Learning Project\src\cnnClassifier\pipeline\stage_03_model_trainer.py", line 32, in main
    raise e
  File "E:\MLOPs Deep Learning Project\src\cnnClassifier\pipeline\stage_03_model_trainer.py", line 27, in main
    training.train()
  File "E:\MLOPs Deep Learning Project\src\cnnClassifier\components\model_trainer.py", line 75, in train
    self.model.fit(
  File "C:\Users\Ron\anaconda3\envs\chest\lib\site-packages\keras\src\utils\traceback_utils.py", line 122, in error_handler
    raise e.with_traceback(filtered_tb) from None
  File "C:\Users\Ron\anaconda3\envs\chest\lib\site-packages\keras\src\backend\tensorflow\nn.py", line 669, in categorical_crossentropy
    raise ValueError(
ValueError: Arguments `target` and `output` must have the same shape. Received: target.shape=(None, 1), output.shape=(None, 2)
[2026-05-19 00:50:31,529 : INFO : main : stage Data Ingestion Stage started]
[2026-05-19 00:50:31,529 : INFO : stage_01_data_ingestion : >>>>>>> stage Data Ingestion Stage started <<<<<<<]
[2026-05-19 00:50:31,556 : INFO : common : yaml file: config\config.yaml loaded successfully]
[2026-05-19 00:50:31,556 : INFO : common : yaml file: E:\MLOPs Deep Learning Project\params.yaml loaded successfully]
[2026-05-19 00:50:31,556 : INFO : common : created directory at: artifacts]
[2026-05-19 00:50:31,565 : INFO : common : created directory at: artifacts/data_ingestion]
[2026-05-19 00:50:31,565 : INFO : data_ingestion : Downloading file from https://drive.google.com/file/d/17dM5Yr86ur-p1tRhsYE-DawBZSu3PMY_/view?usp=sharing to artifacts\data_ingestion\chest_scan.zip]
[2026-05-19 00:51:11,356 : INFO : data_ingestion : Unzipped data size: ~ 0 KB]
[2026-05-19 00:51:11,358 : INFO : stage_01_data_ingestion : >>>>>>> stage Data Ingestion Stage completed <<<<<<<

]
[2026-05-19 00:51:11,358 : INFO : main : stage Data Ingestion Stage completed]
[2026-05-19 00:51:11,360 : INFO : main : stage Prepare Base Model Stage started]
[2026-05-19 00:51:27,972 : INFO : stage_02_prepare_base_model : >>>>>>> stage Prepare Base Model Stage started <<<<<<<]
[2026-05-19 00:51:27,977 : INFO : common : yaml file: config\config.yaml loaded successfully]
[2026-05-19 00:51:27,983 : INFO : common : yaml file: E:\MLOPs Deep Learning Project\params.yaml loaded successfully]
[2026-05-19 00:51:27,984 : INFO : common : created directory at: artifacts]
[2026-05-19 00:51:27,985 : INFO : common : created directory at: artifacts/prepare_base_model]
[2026-05-19 00:51:28,824 : WARNING : saving_api : You are saving your model as an HDF5 file via `model.save()` or `keras.saving.save_model(model)`. This file format is considered legacy. We recommend using instead the native Keras format, e.g. `model.save('my_model.keras')` or `keras.saving.save_model(model, 'my_model.keras')`. ]
[2026-05-19 00:51:29,108 : WARNING : config : TensorFlow GPU support is not available on native Windows for TensorFlow >= 2.11. Even if CUDA/cuDNN are installed, GPU will not be used. Please use WSL2 or the TensorFlow-DirectML plugin.]
[2026-05-19 00:51:29,183 : WARNING : saving_api : You are saving your model as an HDF5 file via `model.save()` or `keras.saving.save_model(model)`. This file format is considered legacy. We recommend using instead the native Keras format, e.g. `model.save('my_model.keras')` or `keras.saving.save_model(model, 'my_model.keras')`. ]
[2026-05-19 00:51:29,358 : INFO : stage_02_prepare_base_model : >>>>>>> stage Prepare Base Model Stage completed <<<<<<<

]
[2026-05-19 00:51:29,358 : INFO : main : stage Prepare Base Model Stage completed]
[2026-05-19 00:51:29,358 : INFO : main : *******************]
[2026-05-19 00:51:29,358 : INFO : main : >>>>>> stage Training started <<<<<<]
[2026-05-19 00:51:29,358 : INFO : stage_03_model_trainer : Initializing ModelTrainingPipeline...]
[2026-05-19 00:51:29,358 : INFO : stage_03_model_trainer : Fetching training configuration...]
[2026-05-19 00:51:29,370 : INFO : common : yaml file: config\config.yaml loaded successfully]
[2026-05-19 00:51:29,375 : INFO : common : yaml file: E:\MLOPs Deep Learning Project\params.yaml loaded successfully]
[2026-05-19 00:51:29,375 : INFO : common : created directory at: artifacts]
[2026-05-19 00:51:29,379 : INFO : common : created directory at: artifacts\training]
[2026-05-19 00:51:29,379 : INFO : stage_03_model_trainer : Initializing Training class...]
[2026-05-19 00:51:29,380 : INFO : stage_03_model_trainer : Loading base model...]
[2026-05-19 00:51:29,744 : WARNING : saving_utils : Compiled the loaded model, but the compiled metrics have yet to be built. `model.compile_metrics` will be empty until you train or evaluate the model.]
[2026-05-19 00:51:29,758 : INFO : stage_03_model_trainer : Preparing data generators...]
[2026-05-19 00:51:29,928 : INFO : stage_03_model_trainer : Starting model training...]
[2026-05-19 00:51:31,789 : ERROR : stage_03_model_trainer : An error occurred in ModelTrainingPipeline.main():]
Traceback (most recent call last):
  File "E:\MLOPs Deep Learning Project\src\cnnClassifier\pipeline\stage_03_model_trainer.py", line 27, in main
    training.train()
  File "E:\MLOPs Deep Learning Project\src\cnnClassifier\components\model_trainer.py", line 75, in train
    self.model.fit(
  File "C:\Users\Ron\anaconda3\envs\chest\lib\site-packages\keras\src\utils\traceback_utils.py", line 122, in error_handler
    raise e.with_traceback(filtered_tb) from None
  File "C:\Users\Ron\anaconda3\envs\chest\lib\site-packages\keras\src\backend\tensorflow\nn.py", line 669, in categorical_crossentropy
    raise ValueError(
ValueError: Arguments `target` and `output` must have the same shape. Received: target.shape=(None, 1), output.shape=(None, 2)
[2026-05-19 00:51:31,789 : ERROR : main : Arguments `target` and `output` must have the same shape. Received: target.shape=(None, 1), output.shape=(None, 2)]
Traceback (most recent call last):
  File "E:\MLOPs Deep Learning Project\main.py", line 32, in <module>
    model_trainer.main()
  File "E:\MLOPs Deep Learning Project\src\cnnClassifier\pipeline\stage_03_model_trainer.py", line 32, in main
    raise e
  File "E:\MLOPs Deep Learning Project\src\cnnClassifier\pipeline\stage_03_model_trainer.py", line 27, in main
    training.train()
  File "E:\MLOPs Deep Learning Project\src\cnnClassifier\components\model_trainer.py", line 75, in train
    self.model.fit(
  File "C:\Users\Ron\anaconda3\envs\chest\lib\site-packages\keras\src\utils\traceback_utils.py", line 122, in error_handler
    raise e.with_traceback(filtered_tb) from None
  File "C:\Users\Ron\anaconda3\envs\chest\lib\site-packages\keras\src\backend\tensorflow\nn.py", line 669, in categorical_crossentropy
    raise ValueError(
ValueError: Arguments `target` and `output` must have the same shape. Received: target.shape=(None, 1), output.shape=(None, 2)
[2026-05-19 01:38:01,718 : INFO : main : stage Data Ingestion Stage started]
[2026-05-19 01:38:02,104 : INFO : stage_01_data_ingestion : >>>>>>> stage Data Ingestion Stage started <<<<<<<]
[2026-05-19 01:38:02,110 : INFO : common : yaml file: config\config.yaml loaded successfully]
[2026-05-19 01:38:02,119 : INFO : common : yaml file: E:\MLOPs Deep Learning Project\params.yaml loaded successfully]
[2026-05-19 01:38:02,292 : INFO : common : created directory at: artifacts]
[2026-05-19 01:38:02,304 : INFO : common : created directory at: artifacts/data_ingestion]
[2026-05-19 01:38:02,304 : INFO : data_ingestion : Downloading file from https://drive.google.com/file/d/17dM5Yr86ur-p1tRhsYE-DawBZSu3PMY_/view?usp=sharing to artifacts\data_ingestion\chest_scan.zip]
[2026-05-19 01:38:30,464 : INFO : data_ingestion : Unzipped data size: ~ 0 KB]
[2026-05-19 01:38:30,464 : INFO : stage_01_data_ingestion : >>>>>>> stage Data Ingestion Stage completed <<<<<<<

]
[2026-05-19 01:38:30,464 : INFO : main : stage Data Ingestion Stage completed]
[2026-05-19 01:38:30,464 : INFO : main : stage Prepare Base Model Stage started]
[2026-05-19 01:38:44,973 : INFO : stage_02_prepare_base_model : >>>>>>> stage Prepare Base Model Stage started <<<<<<<]
[2026-05-19 01:38:44,979 : INFO : common : yaml file: config\config.yaml loaded successfully]
[2026-05-19 01:38:44,984 : INFO : common : yaml file: E:\MLOPs Deep Learning Project\params.yaml loaded successfully]
[2026-05-19 01:38:44,986 : INFO : common : created directory at: artifacts]
[2026-05-19 01:38:44,988 : INFO : common : created directory at: artifacts/prepare_base_model]
[2026-05-19 01:38:46,070 : WARNING : saving_api : You are saving your model as an HDF5 file via `model.save()` or `keras.saving.save_model(model)`. This file format is considered legacy. We recommend using instead the native Keras format, e.g. `model.save('my_model.keras')` or `keras.saving.save_model(model, 'my_model.keras')`. ]
[2026-05-19 01:38:46,418 : WARNING : config : TensorFlow GPU support is not available on native Windows for TensorFlow >= 2.11. Even if CUDA/cuDNN are installed, GPU will not be used. Please use WSL2 or the TensorFlow-DirectML plugin.]
[2026-05-19 01:38:46,551 : WARNING : saving_api : You are saving your model as an HDF5 file via `model.save()` or `keras.saving.save_model(model)`. This file format is considered legacy. We recommend using instead the native Keras format, e.g. `model.save('my_model.keras')` or `keras.saving.save_model(model, 'my_model.keras')`. ]
[2026-05-19 01:38:47,189 : INFO : stage_02_prepare_base_model : >>>>>>> stage Prepare Base Model Stage completed <<<<<<<

]
[2026-05-19 01:38:47,189 : INFO : main : stage Prepare Base Model Stage completed]
[2026-05-19 01:38:47,191 : INFO : main : *******************]
[2026-05-19 01:38:47,343 : INFO : main : >>>>>> stage Training started <<<<<<]
[2026-05-19 01:38:47,343 : INFO : stage_03_model_trainer : Initializing ModelTrainingPipeline...]
[2026-05-19 01:38:47,343 : INFO : stage_03_model_trainer : Fetching training configuration...]
[2026-05-19 01:38:47,346 : INFO : common : yaml file: config\config.yaml loaded successfully]
[2026-05-19 01:38:47,355 : INFO : common : yaml file: E:\MLOPs Deep Learning Project\params.yaml loaded successfully]
[2026-05-19 01:38:47,357 : INFO : common : created directory at: artifacts]
[2026-05-19 01:38:47,358 : INFO : common : created directory at: artifacts\training]
[2026-05-19 01:38:47,358 : INFO : stage_03_model_trainer : Initializing Training class...]
[2026-05-19 01:38:47,359 : INFO : stage_03_model_trainer : Loading base model...]
[2026-05-19 01:38:47,790 : WARNING : saving_utils : Compiled the loaded model, but the compiled metrics have yet to be built. `model.compile_metrics` will be empty until you train or evaluate the model.]
[2026-05-19 01:38:47,804 : INFO : stage_03_model_trainer : Preparing data generators...]
[2026-05-19 01:38:47,947 : INFO : stage_03_model_trainer : Starting model training...]
[2026-05-19 01:38:49,592 : ERROR : stage_03_model_trainer : An error occurred in ModelTrainingPipeline.main():]
Traceback (most recent call last):
  File "E:\MLOPs Deep Learning Project\src\cnnClassifier\pipeline\stage_03_model_trainer.py", line 27, in main
    training.train()
  File "E:\MLOPs Deep Learning Project\src\cnnClassifier\components\model_trainer.py", line 75, in train
    self.model.fit(
  File "C:\Users\Ron\anaconda3\envs\chest\lib\site-packages\keras\src\utils\traceback_utils.py", line 122, in error_handler
    raise e.with_traceback(filtered_tb) from None
  File "C:\Users\Ron\anaconda3\envs\chest\lib\site-packages\keras\src\backend\tensorflow\nn.py", line 669, in categorical_crossentropy
    raise ValueError(
ValueError: Arguments `target` and `output` must have the same shape. Received: target.shape=(None, 1), output.shape=(None, 2)
[2026-05-19 01:38:49,691 : ERROR : main : Arguments `target` and `output` must have the same shape. Received: target.shape=(None, 1), output.shape=(None, 2)]
Traceback (most recent call last):
  File "E:\MLOPs Deep Learning Project\main.py", line 32, in <module>
    model_trainer.main()
  File "E:\MLOPs Deep Learning Project\src\cnnClassifier\pipeline\stage_03_model_trainer.py", line 32, in main
    raise e
  File "E:\MLOPs Deep Learning Project\src\cnnClassifier\pipeline\stage_03_model_trainer.py", line 27, in main
    training.train()
  File "E:\MLOPs Deep Learning Project\src\cnnClassifier\components\model_trainer.py", line 75, in train
    self.model.fit(
  File "C:\Users\Ron\anaconda3\envs\chest\lib\site-packages\keras\src\utils\traceback_utils.py", line 122, in error_handler
    raise e.with_traceback(filtered_tb) from None
  File "C:\Users\Ron\anaconda3\envs\chest\lib\site-packages\keras\src\backend\tensorflow\nn.py", line 669, in categorical_crossentropy
    raise ValueError(
ValueError: Arguments `target` and `output` must have the same shape. Received: target.shape=(None, 1), output.shape=(None, 2)
[2026-05-19 01:41:38,285 : INFO : main : stage Data Ingestion Stage started]
[2026-05-19 01:41:38,285 : INFO : stage_01_data_ingestion : >>>>>>> stage Data Ingestion Stage started <<<<<<<]
[2026-05-19 01:41:38,290 : INFO : common : yaml file: config\config.yaml loaded successfully]
[2026-05-19 01:41:38,304 : INFO : common : yaml file: E:\MLOPs Deep Learning Project\params.yaml loaded successfully]
[2026-05-19 01:41:38,304 : INFO : common : created directory at: artifacts]
[2026-05-19 01:41:38,309 : INFO : common : created directory at: artifacts/data_ingestion]
[2026-05-19 01:41:38,309 : INFO : data_ingestion : File already exists at artifacts\data_ingestion\chest_scan.zip]
[2026-05-19 01:41:41,106 : INFO : data_ingestion : Unzipped data size: ~ 0 KB]
[2026-05-19 01:41:41,106 : INFO : stage_01_data_ingestion : >>>>>>> stage Data Ingestion Stage completed <<<<<<<

]
[2026-05-19 01:41:41,114 : INFO : main : stage Data Ingestion Stage completed]
[2026-05-19 01:41:41,115 : INFO : main : stage Prepare Base Model Stage started]
[2026-05-19 01:41:55,210 : INFO : stage_02_prepare_base_model : >>>>>>> stage Prepare Base Model Stage started <<<<<<<]
[2026-05-19 01:41:55,210 : INFO : common : yaml file: config\config.yaml loaded successfully]
[2026-05-19 01:41:55,230 : INFO : common : yaml file: E:\MLOPs Deep Learning Project\params.yaml loaded successfully]
[2026-05-19 01:41:55,232 : INFO : common : created directory at: artifacts]
[2026-05-19 01:41:55,234 : INFO : common : created directory at: artifacts/prepare_base_model]
[2026-05-19 01:41:56,043 : WARNING : saving_api : You are saving your model as an HDF5 file via `model.save()` or `keras.saving.save_model(model)`. This file format is considered legacy. We recommend using instead the native Keras format, e.g. `model.save('my_model.keras')` or `keras.saving.save_model(model, 'my_model.keras')`. ]
[2026-05-19 01:41:56,529 : WARNING : config : TensorFlow GPU support is not available on native Windows for TensorFlow >= 2.11. Even if CUDA/cuDNN are installed, GPU will not be used. Please use WSL2 or the TensorFlow-DirectML plugin.]
[2026-05-19 01:41:56,682 : WARNING : saving_api : You are saving your model as an HDF5 file via `model.save()` or `keras.saving.save_model(model)`. This file format is considered legacy. We recommend using instead the native Keras format, e.g. `model.save('my_model.keras')` or `keras.saving.save_model(model, 'my_model.keras')`. ]
[2026-05-19 01:41:57,467 : INFO : stage_02_prepare_base_model : >>>>>>> stage Prepare Base Model Stage completed <<<<<<<

]
[2026-05-19 01:41:57,467 : INFO : main : stage Prepare Base Model Stage completed]
[2026-05-19 01:41:57,467 : INFO : main : *******************]
[2026-05-19 01:41:57,510 : INFO : main : >>>>>> stage Training started <<<<<<]
[2026-05-19 01:41:57,510 : INFO : stage_03_model_trainer : Initializing ModelTrainingPipeline...]
[2026-05-19 01:41:57,510 : INFO : stage_03_model_trainer : Fetching training configuration...]
[2026-05-19 01:41:57,520 : INFO : common : yaml file: config\config.yaml loaded successfully]
[2026-05-19 01:41:57,525 : INFO : common : yaml file: E:\MLOPs Deep Learning Project\params.yaml loaded successfully]
[2026-05-19 01:41:57,526 : INFO : common : created directory at: artifacts]
[2026-05-19 01:41:57,528 : INFO : common : created directory at: artifacts\training]
[2026-05-19 01:41:57,529 : INFO : stage_03_model_trainer : Initializing Training class...]
[2026-05-19 01:41:57,529 : INFO : stage_03_model_trainer : Loading base model...]
[2026-05-19 01:41:57,979 : WARNING : saving_utils : Compiled the loaded model, but the compiled metrics have yet to be built. `model.compile_metrics` will be empty until you train or evaluate the model.]
[2026-05-19 01:41:57,984 : INFO : stage_03_model_trainer : Preparing data generators...]
[2026-05-19 01:41:58,135 : INFO : stage_03_model_trainer : Starting model training...]
[2026-05-19 01:42:00,080 : ERROR : stage_03_model_trainer : An error occurred in ModelTrainingPipeline.main():]
Traceback (most recent call last):
  File "E:\MLOPs Deep Learning Project\src\cnnClassifier\pipeline\stage_03_model_trainer.py", line 27, in main
    training.train()
  File "E:\MLOPs Deep Learning Project\src\cnnClassifier\components\model_trainer.py", line 77, in train
    self.model.fit(
  File "C:\Users\Ron\anaconda3\envs\chest\lib\site-packages\keras\src\utils\traceback_utils.py", line 122, in error_handler
    raise e.with_traceback(filtered_tb) from None
  File "C:\Users\Ron\anaconda3\envs\chest\lib\site-packages\keras\src\backend\tensorflow\nn.py", line 669, in categorical_crossentropy
    raise ValueError(
ValueError: Arguments `target` and `output` must have the same shape. Received: target.shape=(None, 1), output.shape=(None, 2)
[2026-05-19 01:42:00,101 : ERROR : main : Arguments `target` and `output` must have the same shape. Received: target.shape=(None, 1), output.shape=(None, 2)]
Traceback (most recent call last):
  File "E:\MLOPs Deep Learning Project\main.py", line 32, in <module>
    model_trainer.main()
  File "E:\MLOPs Deep Learning Project\src\cnnClassifier\pipeline\stage_03_model_trainer.py", line 32, in main
    raise e
  File "E:\MLOPs Deep Learning Project\src\cnnClassifier\pipeline\stage_03_model_trainer.py", line 27, in main
    training.train()
  File "E:\MLOPs Deep Learning Project\src\cnnClassifier\components\model_trainer.py", line 77, in train
    self.model.fit(
  File "C:\Users\Ron\anaconda3\envs\chest\lib\site-packages\keras\src\utils\traceback_utils.py", line 122, in error_handler
    raise e.with_traceback(filtered_tb) from None
  File "C:\Users\Ron\anaconda3\envs\chest\lib\site-packages\keras\src\backend\tensorflow\nn.py", line 669, in categorical_crossentropy
    raise ValueError(
ValueError: Arguments `target` and `output` must have the same shape. Received: target.shape=(None, 1), output.shape=(None, 2)
[2026-05-19 01:45:19,523 : INFO : main : stage Data Ingestion Stage started]
[2026-05-19 01:45:19,666 : INFO : stage_01_data_ingestion : >>>>>>> stage Data Ingestion Stage started <<<<<<<]
[2026-05-19 01:45:19,682 : INFO : common : yaml file: config\config.yaml loaded successfully]
[2026-05-19 01:45:19,699 : INFO : common : yaml file: E:\MLOPs Deep Learning Project\params.yaml loaded successfully]
[2026-05-19 01:45:19,701 : INFO : common : created directory at: artifacts]
[2026-05-19 01:45:19,711 : INFO : common : created directory at: artifacts/data_ingestion]
[2026-05-19 01:45:19,712 : INFO : data_ingestion : File already exists at artifacts\data_ingestion\chest_scan.zip]
[2026-05-19 01:45:22,486 : INFO : data_ingestion : Unzipped data size: ~ 0 KB]
[2026-05-19 01:45:22,492 : INFO : stage_01_data_ingestion : >>>>>>> stage Data Ingestion Stage completed <<<<<<<

]
[2026-05-19 01:45:22,492 : INFO : main : stage Data Ingestion Stage completed]
[2026-05-19 01:45:22,494 : INFO : main : stage Prepare Base Model Stage started]
[2026-05-19 01:45:38,732 : INFO : stage_02_prepare_base_model : >>>>>>> stage Prepare Base Model Stage started <<<<<<<]
[2026-05-19 01:45:38,748 : INFO : common : yaml file: config\config.yaml loaded successfully]
[2026-05-19 01:45:38,866 : INFO : common : yaml file: E:\MLOPs Deep Learning Project\params.yaml loaded successfully]
[2026-05-19 01:45:38,916 : INFO : common : created directory at: artifacts]
[2026-05-19 01:45:38,928 : INFO : common : created directory at: artifacts/prepare_base_model]
[2026-05-19 01:45:40,370 : WARNING : saving_api : You are saving your model as an HDF5 file via `model.save()` or `keras.saving.save_model(model)`. This file format is considered legacy. We recommend using instead the native Keras format, e.g. `model.save('my_model.keras')` or `keras.saving.save_model(model, 'my_model.keras')`. ]
[2026-05-19 01:45:40,881 : WARNING : config : TensorFlow GPU support is not available on native Windows for TensorFlow >= 2.11. Even if CUDA/cuDNN are installed, GPU will not be used. Please use WSL2 or the TensorFlow-DirectML plugin.]
[2026-05-19 01:45:40,961 : WARNING : saving_api : You are saving your model as an HDF5 file via `model.save()` or `keras.saving.save_model(model)`. This file format is considered legacy. We recommend using instead the native Keras format, e.g. `model.save('my_model.keras')` or `keras.saving.save_model(model, 'my_model.keras')`. ]
[2026-05-19 01:45:42,065 : INFO : stage_02_prepare_base_model : >>>>>>> stage Prepare Base Model Stage completed <<<<<<<

]
[2026-05-19 01:45:42,067 : INFO : main : stage Prepare Base Model Stage completed]
[2026-05-19 01:45:42,069 : INFO : main : *******************]
[2026-05-19 01:45:42,128 : INFO : main : >>>>>> stage Training started <<<<<<]
[2026-05-19 01:45:42,128 : INFO : stage_03_model_trainer : Initializing ModelTrainingPipeline...]
[2026-05-19 01:45:42,129 : INFO : stage_03_model_trainer : Fetching training configuration...]
[2026-05-19 01:45:42,139 : INFO : common : yaml file: config\config.yaml loaded successfully]
[2026-05-19 01:45:42,148 : INFO : common : yaml file: E:\MLOPs Deep Learning Project\params.yaml loaded successfully]
[2026-05-19 01:45:42,158 : INFO : common : created directory at: artifacts]
[2026-05-19 01:45:42,162 : INFO : common : created directory at: artifacts\training]
[2026-05-19 01:45:42,165 : INFO : stage_03_model_trainer : Initializing Training class...]
[2026-05-19 01:45:42,170 : INFO : stage_03_model_trainer : Loading base model...]
[2026-05-19 01:45:42,741 : WARNING : saving_utils : Compiled the loaded model, but the compiled metrics have yet to be built. `model.compile_metrics` will be empty until you train or evaluate the model.]
[2026-05-19 01:45:42,751 : INFO : stage_03_model_trainer : Preparing data generators...]
[2026-05-19 01:45:42,920 : INFO : stage_03_model_trainer : Starting model training...]
[2026-05-19 01:45:45,434 : ERROR : stage_03_model_trainer : An error occurred in ModelTrainingPipeline.main():]
Traceback (most recent call last):
  File "E:\MLOPs Deep Learning Project\src\cnnClassifier\pipeline\stage_03_model_trainer.py", line 27, in main
    training.train()
  File "E:\MLOPs Deep Learning Project\src\cnnClassifier\components\model_trainer.py", line 77, in train
    self.model.fit(
  File "C:\Users\Ron\anaconda3\envs\chest\lib\site-packages\keras\src\utils\traceback_utils.py", line 122, in error_handler
    raise e.with_traceback(filtered_tb) from None
  File "C:\Users\Ron\anaconda3\envs\chest\lib\site-packages\keras\src\backend\tensorflow\nn.py", line 669, in categorical_crossentropy
    raise ValueError(
ValueError: Arguments `target` and `output` must have the same shape. Received: target.shape=(None, 1), output.shape=(None, 2)
[2026-05-19 01:45:45,561 : ERROR : main : Arguments `target` and `output` must have the same shape. Received: target.shape=(None, 1), output.shape=(None, 2)]
Traceback (most recent call last):
  File "E:\MLOPs Deep Learning Project\main.py", line 32, in <module>
    model_trainer.main()
  File "E:\MLOPs Deep Learning Project\src\cnnClassifier\pipeline\stage_03_model_trainer.py", line 32, in main
    raise e
  File "E:\MLOPs Deep Learning Project\src\cnnClassifier\pipeline\stage_03_model_trainer.py", line 27, in main
    training.train()
  File "E:\MLOPs Deep Learning Project\src\cnnClassifier\components\model_trainer.py", line 77, in train
    self.model.fit(
  File "C:\Users\Ron\anaconda3\envs\chest\lib\site-packages\keras\src\utils\traceback_utils.py", line 122, in error_handler
    raise e.with_traceback(filtered_tb) from None
  File "C:\Users\Ron\anaconda3\envs\chest\lib\site-packages\keras\src\backend\tensorflow\nn.py", line 669, in categorical_crossentropy
    raise ValueError(
ValueError: Arguments `target` and `output` must have the same shape. Received: target.shape=(None, 1), output.shape=(None, 2)
[2026-05-19 01:46:49,438 : INFO : main : stage Data Ingestion Stage started]
[2026-05-19 01:46:49,438 : INFO : stage_01_data_ingestion : >>>>>>> stage Data Ingestion Stage started <<<<<<<]
[2026-05-19 01:46:49,438 : INFO : common : yaml file: config\config.yaml loaded successfully]
[2026-05-19 01:46:49,469 : INFO : common : yaml file: E:\MLOPs Deep Learning Project\params.yaml loaded successfully]
[2026-05-19 01:46:49,469 : INFO : common : created directory at: artifacts]
[2026-05-19 01:46:49,469 : INFO : common : created directory at: artifacts/data_ingestion]
[2026-05-19 01:46:49,469 : INFO : data_ingestion : File already exists at artifacts\data_ingestion\chest_scan.zip]
[2026-05-19 01:46:51,041 : INFO : data_ingestion : Unzipped data size: ~ 0 KB]
[2026-05-19 01:46:51,041 : INFO : stage_01_data_ingestion : >>>>>>> stage Data Ingestion Stage completed <<<<<<<

]
[2026-05-19 01:46:51,041 : INFO : main : stage Data Ingestion Stage completed]
[2026-05-19 01:46:51,041 : INFO : main : stage Prepare Base Model Stage started]
[2026-05-19 01:47:03,124 : INFO : stage_02_prepare_base_model : >>>>>>> stage Prepare Base Model Stage started <<<<<<<]
[2026-05-19 01:47:03,124 : INFO : common : yaml file: config\config.yaml loaded successfully]
[2026-05-19 01:47:03,147 : INFO : common : yaml file: E:\MLOPs Deep Learning Project\params.yaml loaded successfully]
[2026-05-19 01:47:03,147 : INFO : common : created directory at: artifacts]
[2026-05-19 01:47:03,147 : INFO : common : created directory at: artifacts/prepare_base_model]
[2026-05-19 01:47:03,959 : WARNING : saving_api : You are saving your model as an HDF5 file via `model.save()` or `keras.saving.save_model(model)`. This file format is considered legacy. We recommend using instead the native Keras format, e.g. `model.save('my_model.keras')` or `keras.saving.save_model(model, 'my_model.keras')`. ]
[2026-05-19 01:47:04,338 : WARNING : config : TensorFlow GPU support is not available on native Windows for TensorFlow >= 2.11. Even if CUDA/cuDNN are installed, GPU will not be used. Please use WSL2 or the TensorFlow-DirectML plugin.]
[2026-05-19 01:47:04,393 : WARNING : saving_api : You are saving your model as an HDF5 file via `model.save()` or `keras.saving.save_model(model)`. This file format is considered legacy. We recommend using instead the native Keras format, e.g. `model.save('my_model.keras')` or `keras.saving.save_model(model, 'my_model.keras')`. ]
[2026-05-19 01:47:04,758 : INFO : stage_02_prepare_base_model : >>>>>>> stage Prepare Base Model Stage completed <<<<<<<

]
[2026-05-19 01:47:04,758 : INFO : main : stage Prepare Base Model Stage completed]
[2026-05-19 01:47:04,772 : INFO : main : *******************]
[2026-05-19 01:47:04,773 : INFO : main : >>>>>> stage Training started <<<<<<]
[2026-05-19 01:47:04,773 : INFO : stage_03_model_trainer : Initializing ModelTrainingPipeline...]
[2026-05-19 01:47:04,773 : INFO : stage_03_model_trainer : Fetching training configuration...]
[2026-05-19 01:47:04,786 : INFO : common : yaml file: config\config.yaml loaded successfully]
[2026-05-19 01:47:04,792 : INFO : common : yaml file: E:\MLOPs Deep Learning Project\params.yaml loaded successfully]
[2026-05-19 01:47:04,792 : INFO : common : created directory at: artifacts]
[2026-05-19 01:47:04,794 : INFO : common : created directory at: artifacts\training]
[2026-05-19 01:47:04,794 : INFO : stage_03_model_trainer : Initializing Training class...]
[2026-05-19 01:47:04,795 : INFO : stage_03_model_trainer : Loading base model...]
[2026-05-19 01:47:05,279 : WARNING : saving_utils : Compiled the loaded model, but the compiled metrics have yet to be built. `model.compile_metrics` will be empty until you train or evaluate the model.]
[2026-05-19 01:47:05,305 : INFO : stage_03_model_trainer : Preparing data generators...]
[2026-05-19 01:47:05,655 : INFO : stage_03_model_trainer : Starting model training...]
[2026-05-19 01:47:07,507 : ERROR : stage_03_model_trainer : An error occurred in ModelTrainingPipeline.main():]
Traceback (most recent call last):
  File "E:\MLOPs Deep Learning Project\src\cnnClassifier\pipeline\stage_03_model_trainer.py", line 27, in main
    training.train()
  File "E:\MLOPs Deep Learning Project\src\cnnClassifier\components\model_trainer.py", line 77, in train
    self.model.fit(
  File "C:\Users\Ron\anaconda3\envs\chest\lib\site-packages\keras\src\utils\traceback_utils.py", line 122, in error_handler
    raise e.with_traceback(filtered_tb) from None
  File "C:\Users\Ron\anaconda3\envs\chest\lib\site-packages\keras\src\backend\tensorflow\nn.py", line 669, in categorical_crossentropy
    raise ValueError(
ValueError: Arguments `target` and `output` must have the same shape. Received: target.shape=(None, 1), output.shape=(None, 4)
[2026-05-19 01:47:07,507 : ERROR : main : Arguments `target` and `output` must have the same shape. Received: target.shape=(None, 1), output.shape=(None, 4)]
Traceback (most recent call last):
  File "E:\MLOPs Deep Learning Project\main.py", line 32, in <module>
    model_trainer.main()
  File "E:\MLOPs Deep Learning Project\src\cnnClassifier\pipeline\stage_03_model_trainer.py", line 32, in main
    raise e
  File "E:\MLOPs Deep Learning Project\src\cnnClassifier\pipeline\stage_03_model_trainer.py", line 27, in main
    training.train()
  File "E:\MLOPs Deep Learning Project\src\cnnClassifier\components\model_trainer.py", line 77, in train
    self.model.fit(
  File "C:\Users\Ron\anaconda3\envs\chest\lib\site-packages\keras\src\utils\traceback_utils.py", line 122, in error_handler
    raise e.with_traceback(filtered_tb) from None
  File "C:\Users\Ron\anaconda3\envs\chest\lib\site-packages\keras\src\backend\tensorflow\nn.py", line 669, in categorical_crossentropy
    raise ValueError(
ValueError: Arguments `target` and `output` must have the same shape. Received: target.shape=(None, 1), output.shape=(None, 4)
[2026-05-19 01:47:29,900 : INFO : main : stage Data Ingestion Stage started]
[2026-05-19 01:47:29,900 : INFO : stage_01_data_ingestion : >>>>>>> stage Data Ingestion Stage started <<<<<<<]
[2026-05-19 01:47:29,915 : INFO : common : yaml file: config\config.yaml loaded successfully]
[2026-05-19 01:47:29,936 : INFO : common : yaml file: E:\MLOPs Deep Learning Project\params.yaml loaded successfully]
[2026-05-19 01:47:29,937 : INFO : common : created directory at: artifacts]
[2026-05-19 01:47:29,938 : INFO : common : created directory at: artifacts/data_ingestion]
[2026-05-19 01:47:29,938 : INFO : data_ingestion : File already exists at artifacts\data_ingestion\chest_scan.zip]
[2026-05-19 01:47:31,937 : INFO : data_ingestion : Unzipped data size: ~ 0 KB]
[2026-05-19 01:47:31,937 : INFO : stage_01_data_ingestion : >>>>>>> stage Data Ingestion Stage completed <<<<<<<

]
[2026-05-19 01:47:31,937 : INFO : main : stage Data Ingestion Stage completed]
[2026-05-19 01:47:31,937 : INFO : main : stage Prepare Base Model Stage started]
[2026-05-19 01:47:43,671 : INFO : stage_02_prepare_base_model : >>>>>>> stage Prepare Base Model Stage started <<<<<<<]
[2026-05-19 01:47:43,688 : INFO : common : yaml file: config\config.yaml loaded successfully]
[2026-05-19 01:47:43,693 : INFO : common : yaml file: E:\MLOPs Deep Learning Project\params.yaml loaded successfully]
[2026-05-19 01:47:43,695 : INFO : common : created directory at: artifacts]
[2026-05-19 01:47:43,696 : INFO : common : created directory at: artifacts/prepare_base_model]
[2026-05-19 01:47:44,362 : WARNING : saving_api : You are saving your model as an HDF5 file via `model.save()` or `keras.saving.save_model(model)`. This file format is considered legacy. We recommend using instead the native Keras format, e.g. `model.save('my_model.keras')` or `keras.saving.save_model(model, 'my_model.keras')`. ]
[2026-05-19 01:47:44,753 : WARNING : config : TensorFlow GPU support is not available on native Windows for TensorFlow >= 2.11. Even if CUDA/cuDNN are installed, GPU will not be used. Please use WSL2 or the TensorFlow-DirectML plugin.]
[2026-05-19 01:47:44,839 : WARNING : saving_api : You are saving your model as an HDF5 file via `model.save()` or `keras.saving.save_model(model)`. This file format is considered legacy. We recommend using instead the native Keras format, e.g. `model.save('my_model.keras')` or `keras.saving.save_model(model, 'my_model.keras')`. ]
[2026-05-19 01:47:45,095 : INFO : stage_02_prepare_base_model : >>>>>>> stage Prepare Base Model Stage completed <<<<<<<

]
[2026-05-19 01:47:45,095 : INFO : main : stage Prepare Base Model Stage completed]
[2026-05-19 01:47:45,095 : INFO : main : *******************]
[2026-05-19 01:47:45,095 : INFO : main : >>>>>> stage Training started <<<<<<]
[2026-05-19 01:47:45,095 : INFO : stage_03_model_trainer : Initializing ModelTrainingPipeline...]
[2026-05-19 01:47:45,095 : INFO : stage_03_model_trainer : Fetching training configuration...]
[2026-05-19 01:47:45,111 : INFO : common : yaml file: config\config.yaml loaded successfully]
[2026-05-19 01:47:45,115 : INFO : common : yaml file: E:\MLOPs Deep Learning Project\params.yaml loaded successfully]
[2026-05-19 01:47:45,117 : INFO : common : created directory at: artifacts]
[2026-05-19 01:47:45,120 : INFO : common : created directory at: artifacts\training]
[2026-05-19 01:47:45,120 : INFO : stage_03_model_trainer : Initializing Training class...]
[2026-05-19 01:47:45,121 : INFO : stage_03_model_trainer : Loading base model...]
[2026-05-19 01:47:45,504 : WARNING : saving_utils : Compiled the loaded model, but the compiled metrics have yet to be built. `model.compile_metrics` will be empty until you train or evaluate the model.]
[2026-05-19 01:47:45,504 : INFO : stage_03_model_trainer : Preparing data generators...]
[2026-05-19 01:47:45,664 : INFO : stage_03_model_trainer : Starting model training...]
[2026-05-19 01:47:47,622 : ERROR : stage_03_model_trainer : An error occurred in ModelTrainingPipeline.main():]
Traceback (most recent call last):
  File "E:\MLOPs Deep Learning Project\src\cnnClassifier\pipeline\stage_03_model_trainer.py", line 27, in main
    training.train()
  File "E:\MLOPs Deep Learning Project\src\cnnClassifier\components\model_trainer.py", line 77, in train
    self.model.fit(
  File "C:\Users\Ron\anaconda3\envs\chest\lib\site-packages\keras\src\utils\traceback_utils.py", line 122, in error_handler
    raise e.with_traceback(filtered_tb) from None
  File "C:\Users\Ron\anaconda3\envs\chest\lib\site-packages\keras\src\backend\tensorflow\core.py", line 171, in convert_to_numpy
    return np.array(x)
NotImplementedError: numpy() is only available when eager execution is enabled.
[2026-05-19 01:47:47,622 : ERROR : main : numpy() is only available when eager execution is enabled.]
Traceback (most recent call last):
  File "E:\MLOPs Deep Learning Project\main.py", line 32, in <module>
    model_trainer.main()
  File "E:\MLOPs Deep Learning Project\src\cnnClassifier\pipeline\stage_03_model_trainer.py", line 32, in main
    raise e
  File "E:\MLOPs Deep Learning Project\src\cnnClassifier\pipeline\stage_03_model_trainer.py", line 27, in main
    training.train()
  File "E:\MLOPs Deep Learning Project\src\cnnClassifier\components\model_trainer.py", line 77, in train
    self.model.fit(
  File "C:\Users\Ron\anaconda3\envs\chest\lib\site-packages\keras\src\utils\traceback_utils.py", line 122, in error_handler
    raise e.with_traceback(filtered_tb) from None
  File "C:\Users\Ron\anaconda3\envs\chest\lib\site-packages\keras\src\backend\tensorflow\core.py", line 171, in convert_to_numpy
    return np.array(x)
NotImplementedError: numpy() is only available when eager execution is enabled.
[2026-05-19 12:18:53,138 : INFO : main : stage Data Ingestion Stage started]
[2026-05-19 12:18:53,236 : INFO : stage_01_data_ingestion : >>>>>>> stage Data Ingestion Stage started <<<<<<<]
[2026-05-19 12:18:53,261 : INFO : common : yaml file: config\config.yaml loaded successfully]
[2026-05-19 12:18:53,309 : INFO : common : yaml file: E:\MLOPs Deep Learning Project\params.yaml loaded successfully]
[2026-05-19 12:18:53,321 : INFO : common : created directory at: artifacts]
[2026-05-19 12:18:53,328 : INFO : common : created directory at: artifacts/data_ingestion]
[2026-05-19 12:18:53,338 : INFO : data_ingestion : File already exists at artifacts\data_ingestion\chest_scan.zip]
[2026-05-19 12:18:57,943 : INFO : data_ingestion : Unzipped data size: ~ 0 KB]
[2026-05-19 12:18:57,947 : INFO : stage_01_data_ingestion : >>>>>>> stage Data Ingestion Stage completed <<<<<<<

]
[2026-05-19 12:18:57,947 : INFO : main : stage Data Ingestion Stage completed]
[2026-05-19 12:18:57,947 : INFO : main : stage Prepare Base Model Stage started]
[2026-05-19 12:19:20,233 : INFO : stage_02_prepare_base_model : >>>>>>> stage Prepare Base Model Stage started <<<<<<<]
[2026-05-19 12:19:20,241 : INFO : common : yaml file: config\config.yaml loaded successfully]
[2026-05-19 12:19:20,254 : INFO : common : yaml file: E:\MLOPs Deep Learning Project\params.yaml loaded successfully]
[2026-05-19 12:19:20,258 : INFO : common : created directory at: artifacts]
[2026-05-19 12:19:20,260 : INFO : common : created directory at: artifacts/prepare_base_model]
[2026-05-19 12:19:21,666 : WARNING : saving_api : You are saving your model as an HDF5 file via `model.save()` or `keras.saving.save_model(model)`. This file format is considered legacy. We recommend using instead the native Keras format, e.g. `model.save('my_model.keras')` or `keras.saving.save_model(model, 'my_model.keras')`. ]
[2026-05-19 12:19:22,282 : WARNING : config : TensorFlow GPU support is not available on native Windows for TensorFlow >= 2.11. Even if CUDA/cuDNN are installed, GPU will not be used. Please use WSL2 or the TensorFlow-DirectML plugin.]
[2026-05-19 12:19:22,410 : WARNING : saving_api : You are saving your model as an HDF5 file via `model.save()` or `keras.saving.save_model(model)`. This file format is considered legacy. We recommend using instead the native Keras format, e.g. `model.save('my_model.keras')` or `keras.saving.save_model(model, 'my_model.keras')`. ]
[2026-05-19 12:19:22,957 : INFO : stage_02_prepare_base_model : >>>>>>> stage Prepare Base Model Stage completed <<<<<<<

]
[2026-05-19 12:19:22,958 : INFO : main : stage Prepare Base Model Stage completed]
[2026-05-19 12:19:22,958 : INFO : main : *******************]
[2026-05-19 12:19:23,093 : INFO : main : >>>>>> stage Training started <<<<<<]
[2026-05-19 12:19:23,095 : INFO : stage_03_model_trainer : Initializing ModelTrainingPipeline...]
[2026-05-19 12:19:23,095 : INFO : stage_03_model_trainer : Fetching training configuration...]
[2026-05-19 12:19:23,104 : INFO : common : yaml file: config\config.yaml loaded successfully]
[2026-05-19 12:19:23,122 : INFO : common : yaml file: E:\MLOPs Deep Learning Project\params.yaml loaded successfully]
[2026-05-19 12:19:23,124 : INFO : common : created directory at: artifacts]
[2026-05-19 12:19:23,124 : ERROR : stage_03_model_trainer : An error occurred in ModelTrainingPipeline.main():]
Traceback (most recent call last):
  File "E:\MLOPs Deep Learning Project\src\cnnClassifier\pipeline\stage_03_model_trainer.py", line 15, in main
    training_config = config.get_training_config()
  File "E:\MLOPs Deep Learning Project\src\cnnClassifier\config\configuration.py", line 51, in get_training_config
    training_data = Path(self.config.data_ingestion.unzip_dir)+"Data"
TypeError: unsupported operand type(s) for +: 'WindowsPath' and 'str'
[2026-05-19 12:19:23,193 : ERROR : main : unsupported operand type(s) for +: 'WindowsPath' and 'str']
Traceback (most recent call last):
  File "E:\MLOPs Deep Learning Project\main.py", line 32, in <module>
    model_trainer.main()
  File "E:\MLOPs Deep Learning Project\src\cnnClassifier\pipeline\stage_03_model_trainer.py", line 32, in main
    raise e
  File "E:\MLOPs Deep Learning Project\src\cnnClassifier\pipeline\stage_03_model_trainer.py", line 15, in main
    training_config = config.get_training_config()
  File "E:\MLOPs Deep Learning Project\src\cnnClassifier\config\configuration.py", line 51, in get_training_config
    training_data = Path(self.config.data_ingestion.unzip_dir)+"Data"
TypeError: unsupported operand type(s) for +: 'WindowsPath' and 'str'
[2026-05-19 12:23:59,194 : INFO : main : stage Data Ingestion Stage started]
[2026-05-19 12:23:59,194 : INFO : stage_01_data_ingestion : >>>>>>> stage Data Ingestion Stage started <<<<<<<]
[2026-05-19 12:23:59,205 : INFO : common : yaml file: config\config.yaml loaded successfully]
[2026-05-19 12:23:59,213 : INFO : common : yaml file: E:\MLOPs Deep Learning Project\params.yaml loaded successfully]
[2026-05-19 12:23:59,217 : INFO : common : created directory at: artifacts]
[2026-05-19 12:23:59,221 : INFO : common : created directory at: artifacts/data_ingestion]
[2026-05-19 12:23:59,222 : INFO : data_ingestion : File already exists at artifacts\data_ingestion\chest_scan.zip]
[2026-05-19 12:24:02,338 : INFO : data_ingestion : Unzipped data size: ~ 0 KB]
[2026-05-19 12:24:02,390 : INFO : stage_01_data_ingestion : >>>>>>> stage Data Ingestion Stage completed <<<<<<<

]
[2026-05-19 12:24:02,460 : INFO : main : stage Data Ingestion Stage completed]
[2026-05-19 12:24:02,477 : INFO : main : stage Prepare Base Model Stage started]
[2026-05-19 12:24:38,144 : INFO : stage_02_prepare_base_model : >>>>>>> stage Prepare Base Model Stage started <<<<<<<]
[2026-05-19 12:24:38,153 : INFO : common : yaml file: config\config.yaml loaded successfully]
[2026-05-19 12:24:38,159 : INFO : common : yaml file: E:\MLOPs Deep Learning Project\params.yaml loaded successfully]
[2026-05-19 12:24:38,160 : INFO : common : created directory at: artifacts]
[2026-05-19 12:24:38,166 : INFO : common : created directory at: artifacts/prepare_base_model]
[2026-05-19 12:24:39,565 : WARNING : saving_api : You are saving your model as an HDF5 file via `model.save()` or `keras.saving.save_model(model)`. This file format is considered legacy. We recommend using instead the native Keras format, e.g. `model.save('my_model.keras')` or `keras.saving.save_model(model, 'my_model.keras')`. ]
[2026-05-19 12:24:40,153 : WARNING : config : TensorFlow GPU support is not available on native Windows for TensorFlow >= 2.11. Even if CUDA/cuDNN are installed, GPU will not be used. Please use WSL2 or the TensorFlow-DirectML plugin.]
[2026-05-19 12:24:40,286 : WARNING : saving_api : You are saving your model as an HDF5 file via `model.save()` or `keras.saving.save_model(model)`. This file format is considered legacy. We recommend using instead the native Keras format, e.g. `model.save('my_model.keras')` or `keras.saving.save_model(model, 'my_model.keras')`. ]
[2026-05-19 12:24:41,549 : INFO : stage_02_prepare_base_model : >>>>>>> stage Prepare Base Model Stage completed <<<<<<<

]
[2026-05-19 12:24:41,549 : INFO : main : stage Prepare Base Model Stage completed]
[2026-05-19 12:24:41,550 : INFO : main : *******************]
[2026-05-19 12:24:41,620 : INFO : main : >>>>>> stage Training started <<<<<<]
[2026-05-19 12:24:41,621 : INFO : stage_03_model_trainer : Initializing ModelTrainingPipeline...]
[2026-05-19 12:24:41,622 : INFO : stage_03_model_trainer : Fetching training configuration...]
[2026-05-19 12:24:41,631 : INFO : common : yaml file: config\config.yaml loaded successfully]
[2026-05-19 12:24:41,638 : INFO : common : yaml file: E:\MLOPs Deep Learning Project\params.yaml loaded successfully]
[2026-05-19 12:24:41,640 : INFO : common : created directory at: artifacts]
[2026-05-19 12:24:41,643 : INFO : common : created directory at: artifacts\training]
[2026-05-19 12:24:41,647 : INFO : stage_03_model_trainer : Initializing Training class...]
[2026-05-19 12:24:41,649 : INFO : stage_03_model_trainer : Loading base model...]
[2026-05-19 12:24:43,159 : WARNING : saving_utils : Compiled the loaded model, but the compiled metrics have yet to be built. `model.compile_metrics` will be empty until you train or evaluate the model.]
[2026-05-19 12:24:43,171 : INFO : stage_03_model_trainer : Preparing data generators...]
[2026-05-19 12:24:43,421 : INFO : stage_03_model_trainer : Starting model training...]
[2026-05-19 12:24:46,246 : ERROR : stage_03_model_trainer : An error occurred in ModelTrainingPipeline.main():]
Traceback (most recent call last):
  File "E:\MLOPs Deep Learning Project\src\cnnClassifier\pipeline\stage_03_model_trainer.py", line 27, in main
    training.train()
  File "E:\MLOPs Deep Learning Project\src\cnnClassifier\components\model_trainer.py", line 76, in train
    self.model.fit(
  File "C:\Users\Ron\anaconda3\envs\chest\lib\site-packages\keras\src\utils\traceback_utils.py", line 122, in error_handler
    raise e.with_traceback(filtered_tb) from None
  File "C:\Users\Ron\anaconda3\envs\chest\lib\site-packages\keras\src\backend\tensorflow\nn.py", line 669, in categorical_crossentropy
    raise ValueError(
ValueError: Arguments `target` and `output` must have the same shape. Received: target.shape=(None, 3), output.shape=(None, 2)
[2026-05-19 12:24:46,348 : ERROR : main : Arguments `target` and `output` must have the same shape. Received: target.shape=(None, 3), output.shape=(None, 2)]
Traceback (most recent call last):
  File "E:\MLOPs Deep Learning Project\main.py", line 32, in <module>
    model_trainer.main()
  File "E:\MLOPs Deep Learning Project\src\cnnClassifier\pipeline\stage_03_model_trainer.py", line 32, in main
    raise e
  File "E:\MLOPs Deep Learning Project\src\cnnClassifier\pipeline\stage_03_model_trainer.py", line 27, in main
    training.train()
  File "E:\MLOPs Deep Learning Project\src\cnnClassifier\components\model_trainer.py", line 76, in train
    self.model.fit(
  File "C:\Users\Ron\anaconda3\envs\chest\lib\site-packages\keras\src\utils\traceback_utils.py", line 122, in error_handler
    raise e.with_traceback(filtered_tb) from None
  File "C:\Users\Ron\anaconda3\envs\chest\lib\site-packages\keras\src\backend\tensorflow\nn.py", line 669, in categorical_crossentropy
    raise ValueError(
ValueError: Arguments `target` and `output` must have the same shape. Received: target.shape=(None, 3), output.shape=(None, 2)
[2026-05-19 12:27:00,779 : INFO : main : stage Data Ingestion Stage started]
[2026-05-19 12:27:00,779 : INFO : stage_01_data_ingestion : >>>>>>> stage Data Ingestion Stage started <<<<<<<]
[2026-05-19 12:27:00,789 : INFO : common : yaml file: config\config.yaml loaded successfully]
[2026-05-19 12:27:00,803 : INFO : common : yaml file: E:\MLOPs Deep Learning Project\params.yaml loaded successfully]
[2026-05-19 12:27:00,805 : INFO : common : created directory at: artifacts]
[2026-05-19 12:27:00,806 : INFO : common : created directory at: artifacts/data_ingestion]
[2026-05-19 12:27:00,808 : INFO : data_ingestion : File already exists at artifacts\data_ingestion\chest_scan.zip]
[2026-05-19 12:27:04,328 : INFO : data_ingestion : Unzipped data size: ~ 0 KB]
[2026-05-19 12:27:04,332 : INFO : stage_01_data_ingestion : >>>>>>> stage Data Ingestion Stage completed <<<<<<<

]
[2026-05-19 12:27:04,334 : INFO : main : stage Data Ingestion Stage completed]
[2026-05-19 12:27:04,363 : INFO : main : stage Prepare Base Model Stage started]
[2026-05-19 12:27:23,628 : INFO : stage_02_prepare_base_model : >>>>>>> stage Prepare Base Model Stage started <<<<<<<]
[2026-05-19 12:27:23,636 : INFO : common : yaml file: config\config.yaml loaded successfully]
[2026-05-19 12:27:23,648 : INFO : common : yaml file: E:\MLOPs Deep Learning Project\params.yaml loaded successfully]
[2026-05-19 12:27:23,648 : INFO : common : created directory at: artifacts]
[2026-05-19 12:27:23,649 : INFO : common : created directory at: artifacts/prepare_base_model]
[2026-05-19 12:27:24,676 : WARNING : saving_api : You are saving your model as an HDF5 file via `model.save()` or `keras.saving.save_model(model)`. This file format is considered legacy. We recommend using instead the native Keras format, e.g. `model.save('my_model.keras')` or `keras.saving.save_model(model, 'my_model.keras')`. ]
[2026-05-19 12:27:25,268 : WARNING : config : TensorFlow GPU support is not available on native Windows for TensorFlow >= 2.11. Even if CUDA/cuDNN are installed, GPU will not be used. Please use WSL2 or the TensorFlow-DirectML plugin.]
[2026-05-19 12:27:25,394 : WARNING : saving_api : You are saving your model as an HDF5 file via `model.save()` or `keras.saving.save_model(model)`. This file format is considered legacy. We recommend using instead the native Keras format, e.g. `model.save('my_model.keras')` or `keras.saving.save_model(model, 'my_model.keras')`. ]
[2026-05-19 12:27:26,071 : INFO : stage_02_prepare_base_model : >>>>>>> stage Prepare Base Model Stage completed <<<<<<<

]
[2026-05-19 12:27:26,071 : INFO : main : stage Prepare Base Model Stage completed]
[2026-05-19 12:27:26,071 : INFO : main : *******************]
[2026-05-19 12:27:26,076 : INFO : main : >>>>>> stage Training started <<<<<<]
[2026-05-19 12:27:26,076 : INFO : stage_03_model_trainer : Initializing ModelTrainingPipeline...]
[2026-05-19 12:27:26,076 : INFO : stage_03_model_trainer : Fetching training configuration...]
[2026-05-19 12:27:26,093 : INFO : common : yaml file: config\config.yaml loaded successfully]
[2026-05-19 12:27:26,099 : INFO : common : yaml file: E:\MLOPs Deep Learning Project\params.yaml loaded successfully]
[2026-05-19 12:27:26,101 : INFO : common : created directory at: artifacts]
[2026-05-19 12:27:26,109 : INFO : common : created directory at: artifacts\training]
[2026-05-19 12:27:26,109 : INFO : stage_03_model_trainer : Initializing Training class...]
[2026-05-19 12:27:26,110 : INFO : stage_03_model_trainer : Loading base model...]
[2026-05-19 12:27:26,616 : WARNING : saving_utils : Compiled the loaded model, but the compiled metrics have yet to be built. `model.compile_metrics` will be empty until you train or evaluate the model.]
[2026-05-19 12:27:26,626 : INFO : stage_03_model_trainer : Preparing data generators...]
[2026-05-19 12:27:26,628 : ERROR : stage_03_model_trainer : An error occurred in ModelTrainingPipeline.main():]
Traceback (most recent call last):
  File "E:\MLOPs Deep Learning Project\src\cnnClassifier\pipeline\stage_03_model_trainer.py", line 24, in main
    training.train_valid_generator()
  File "E:\MLOPs Deep Learning Project\src\cnnClassifier\components\model_trainer.py", line 37, in train_valid_generator
    self.valid_generator = valid_datagenerator.flow_from_directory(
  File "C:\Users\Ron\anaconda3\envs\chest\lib\site-packages\keras\src\legacy\preprocessing\image.py", line 1136, in flow_from_directory
    return DirectoryIterator(
  File "C:\Users\Ron\anaconda3\envs\chest\lib\site-packages\keras\src\legacy\preprocessing\image.py", line 456, in __init__
    for subdir in sorted(os.listdir(directory)):
OSError: [WinError 123] The filename, directory name, or volume label syntax is incorrect: 'artifacts\\data_ingestion\\chest_scan\\Data\train'
[2026-05-19 12:27:26,640 : ERROR : main : [WinError 123] The filename, directory name, or volume label syntax is incorrect: 'artifacts\\data_ingestion\\chest_scan\\Data\train']
Traceback (most recent call last):
  File "E:\MLOPs Deep Learning Project\main.py", line 32, in <module>
    model_trainer.main()
  File "E:\MLOPs Deep Learning Project\src\cnnClassifier\pipeline\stage_03_model_trainer.py", line 32, in main
    raise e
  File "E:\MLOPs Deep Learning Project\src\cnnClassifier\pipeline\stage_03_model_trainer.py", line 24, in main
    training.train_valid_generator()
  File "E:\MLOPs Deep Learning Project\src\cnnClassifier\components\model_trainer.py", line 37, in train_valid_generator
    self.valid_generator = valid_datagenerator.flow_from_directory(
  File "C:\Users\Ron\anaconda3\envs\chest\lib\site-packages\keras\src\legacy\preprocessing\image.py", line 1136, in flow_from_directory
    return DirectoryIterator(
  File "C:\Users\Ron\anaconda3\envs\chest\lib\site-packages\keras\src\legacy\preprocessing\image.py", line 456, in __init__
    for subdir in sorted(os.listdir(directory)):
OSError: [WinError 123] The filename, directory name, or volume label syntax is incorrect: 'artifacts\\data_ingestion\\chest_scan\\Data\train'
[2026-05-19 12:28:21,386 : INFO : main : stage Data Ingestion Stage started]
[2026-05-19 12:28:21,393 : INFO : stage_01_data_ingestion : >>>>>>> stage Data Ingestion Stage started <<<<<<<]
[2026-05-19 12:28:21,398 : INFO : common : yaml file: config\config.yaml loaded successfully]
[2026-05-19 12:28:21,409 : INFO : common : yaml file: E:\MLOPs Deep Learning Project\params.yaml loaded successfully]
[2026-05-19 12:28:21,410 : INFO : common : created directory at: artifacts]
[2026-05-19 12:28:21,412 : INFO : common : created directory at: artifacts/data_ingestion]
[2026-05-19 12:28:21,413 : INFO : data_ingestion : File already exists at artifacts\data_ingestion\chest_scan.zip]
[2026-05-19 12:28:23,514 : INFO : data_ingestion : Unzipped data size: ~ 0 KB]
[2026-05-19 12:28:23,516 : INFO : stage_01_data_ingestion : >>>>>>> stage Data Ingestion Stage completed <<<<<<<

]
[2026-05-19 12:28:23,516 : INFO : main : stage Data Ingestion Stage completed]
[2026-05-19 12:28:23,516 : INFO : main : stage Prepare Base Model Stage started]
[2026-05-19 12:28:47,902 : INFO : stage_02_prepare_base_model : >>>>>>> stage Prepare Base Model Stage started <<<<<<<]
[2026-05-19 12:28:47,907 : INFO : common : yaml file: config\config.yaml loaded successfully]
[2026-05-19 12:28:47,913 : INFO : common : yaml file: E:\MLOPs Deep Learning Project\params.yaml loaded successfully]
[2026-05-19 12:28:47,914 : INFO : common : created directory at: artifacts]
[2026-05-19 12:28:47,915 : INFO : common : created directory at: artifacts/prepare_base_model]
[2026-05-19 12:28:48,842 : WARNING : saving_api : You are saving your model as an HDF5 file via `model.save()` or `keras.saving.save_model(model)`. This file format is considered legacy. We recommend using instead the native Keras format, e.g. `model.save('my_model.keras')` or `keras.saving.save_model(model, 'my_model.keras')`. ]
[2026-05-19 12:28:49,501 : WARNING : config : TensorFlow GPU support is not available on native Windows for TensorFlow >= 2.11. Even if CUDA/cuDNN are installed, GPU will not be used. Please use WSL2 or the TensorFlow-DirectML plugin.]
[2026-05-19 12:28:49,581 : WARNING : saving_api : You are saving your model as an HDF5 file via `model.save()` or `keras.saving.save_model(model)`. This file format is considered legacy. We recommend using instead the native Keras format, e.g. `model.save('my_model.keras')` or `keras.saving.save_model(model, 'my_model.keras')`. ]
[2026-05-19 12:28:50,254 : INFO : stage_02_prepare_base_model : >>>>>>> stage Prepare Base Model Stage completed <<<<<<<

]
[2026-05-19 12:28:50,258 : INFO : main : stage Prepare Base Model Stage completed]
[2026-05-19 12:28:50,260 : INFO : main : *******************]
[2026-05-19 12:28:50,264 : INFO : main : >>>>>> stage Training started <<<<<<]
[2026-05-19 12:28:50,267 : INFO : stage_03_model_trainer : Initializing ModelTrainingPipeline...]
[2026-05-19 12:28:50,267 : INFO : stage_03_model_trainer : Fetching training configuration...]
[2026-05-19 12:28:50,277 : INFO : common : yaml file: config\config.yaml loaded successfully]
[2026-05-19 12:28:50,282 : INFO : common : yaml file: E:\MLOPs Deep Learning Project\params.yaml loaded successfully]
[2026-05-19 12:28:50,283 : INFO : common : created directory at: artifacts]
[2026-05-19 12:28:50,284 : INFO : common : created directory at: artifacts\training]
[2026-05-19 12:28:50,285 : INFO : stage_03_model_trainer : Initializing Training class...]
[2026-05-19 12:28:50,291 : INFO : stage_03_model_trainer : Loading base model...]
[2026-05-19 12:28:51,264 : WARNING : saving_utils : Compiled the loaded model, but the compiled metrics have yet to be built. `model.compile_metrics` will be empty until you train or evaluate the model.]
[2026-05-19 12:28:51,275 : INFO : stage_03_model_trainer : Preparing data generators...]
[2026-05-19 12:28:51,431 : INFO : stage_03_model_trainer : Starting model training...]
[2026-05-19 12:28:55,162 : ERROR : stage_03_model_trainer : An error occurred in ModelTrainingPipeline.main():]
Traceback (most recent call last):
  File "E:\MLOPs Deep Learning Project\src\cnnClassifier\pipeline\stage_03_model_trainer.py", line 27, in main
    training.train()
  File "E:\MLOPs Deep Learning Project\src\cnnClassifier\components\model_trainer.py", line 76, in train
    self.model.fit(
  File "C:\Users\Ron\anaconda3\envs\chest\lib\site-packages\keras\src\utils\traceback_utils.py", line 122, in error_handler
    raise e.with_traceback(filtered_tb) from None
  File "C:\Users\Ron\anaconda3\envs\chest\lib\site-packages\keras\src\backend\tensorflow\nn.py", line 669, in categorical_crossentropy
    raise ValueError(
ValueError: Arguments `target` and `output` must have the same shape. Received: target.shape=(None, 4), output.shape=(None, 2)
[2026-05-19 12:28:55,169 : ERROR : main : Arguments `target` and `output` must have the same shape. Received: target.shape=(None, 4), output.shape=(None, 2)]
Traceback (most recent call last):
  File "E:\MLOPs Deep Learning Project\main.py", line 32, in <module>
    model_trainer.main()
  File "E:\MLOPs Deep Learning Project\src\cnnClassifier\pipeline\stage_03_model_trainer.py", line 32, in main
    raise e
  File "E:\MLOPs Deep Learning Project\src\cnnClassifier\pipeline\stage_03_model_trainer.py", line 27, in main
    training.train()
  File "E:\MLOPs Deep Learning Project\src\cnnClassifier\components\model_trainer.py", line 76, in train
    self.model.fit(
  File "C:\Users\Ron\anaconda3\envs\chest\lib\site-packages\keras\src\utils\traceback_utils.py", line 122, in error_handler
    raise e.with_traceback(filtered_tb) from None
  File "C:\Users\Ron\anaconda3\envs\chest\lib\site-packages\keras\src\backend\tensorflow\nn.py", line 669, in categorical_crossentropy
    raise ValueError(
ValueError: Arguments `target` and `output` must have the same shape. Received: target.shape=(None, 4), output.shape=(None, 2)
[2026-05-19 12:46:46,103 : INFO : main : stage Data Ingestion Stage started]
[2026-05-19 12:46:46,103 : INFO : stage_01_data_ingestion : >>>>>>> stage Data Ingestion Stage started <<<<<<<]
[2026-05-19 12:46:46,173 : INFO : common : yaml file: config\config.yaml loaded successfully]
[2026-05-19 12:46:46,173 : INFO : common : yaml file: E:\MLOPs Deep Learning Project\params.yaml loaded successfully]
[2026-05-19 12:46:46,510 : INFO : common : created directory at: artifacts]
[2026-05-19 12:46:46,510 : INFO : common : created directory at: artifacts/data_ingestion]
[2026-05-19 12:46:46,513 : INFO : data_ingestion : Downloading file from https://drive.google.com/file/d/1UCLrUf3U8zwe9EqNlN7p_2w9678JDibZ/view?usp=sharing to artifacts\data_ingestion\chest_scan.zip]
[2026-05-19 12:47:05,998 : INFO : data_ingestion : Unzipped data size: ~ 0 KB]
[2026-05-19 12:47:06,000 : INFO : stage_01_data_ingestion : >>>>>>> stage Data Ingestion Stage completed <<<<<<<

]
[2026-05-19 12:47:06,001 : INFO : main : stage Data Ingestion Stage completed]
[2026-05-19 12:47:06,002 : INFO : main : stage Prepare Base Model Stage started]
[2026-05-19 12:47:38,419 : INFO : stage_02_prepare_base_model : >>>>>>> stage Prepare Base Model Stage started <<<<<<<]
[2026-05-19 12:47:38,424 : INFO : common : yaml file: config\config.yaml loaded successfully]
[2026-05-19 12:47:38,428 : INFO : common : yaml file: E:\MLOPs Deep Learning Project\params.yaml loaded successfully]
[2026-05-19 12:47:38,429 : INFO : common : created directory at: artifacts]
[2026-05-19 12:47:38,430 : INFO : common : created directory at: artifacts/prepare_base_model]
[2026-05-19 12:47:39,703 : WARNING : saving_api : You are saving your model as an HDF5 file via `model.save()` or `keras.saving.save_model(model)`. This file format is considered legacy. We recommend using instead the native Keras format, e.g. `model.save('my_model.keras')` or `keras.saving.save_model(model, 'my_model.keras')`. ]
[2026-05-19 12:47:40,152 : WARNING : config : TensorFlow GPU support is not available on native Windows for TensorFlow >= 2.11. Even if CUDA/cuDNN are installed, GPU will not be used. Please use WSL2 or the TensorFlow-DirectML plugin.]
[2026-05-19 12:47:40,243 : WARNING : saving_api : You are saving your model as an HDF5 file via `model.save()` or `keras.saving.save_model(model)`. This file format is considered legacy. We recommend using instead the native Keras format, e.g. `model.save('my_model.keras')` or `keras.saving.save_model(model, 'my_model.keras')`. ]
[2026-05-19 12:47:40,606 : INFO : stage_02_prepare_base_model : >>>>>>> stage Prepare Base Model Stage completed <<<<<<<

]
[2026-05-19 12:47:40,606 : INFO : main : stage Prepare Base Model Stage completed]
[2026-05-19 12:47:40,608 : INFO : main : *******************]
[2026-05-19 12:47:40,765 : INFO : main : >>>>>> stage Training started <<<<<<]
[2026-05-19 12:47:40,767 : INFO : stage_03_model_trainer : Initializing ModelTrainingPipeline...]
[2026-05-19 12:47:40,768 : INFO : stage_03_model_trainer : Fetching training configuration...]
[2026-05-19 12:47:40,778 : INFO : common : yaml file: config\config.yaml loaded successfully]
[2026-05-19 12:47:40,784 : INFO : common : yaml file: E:\MLOPs Deep Learning Project\params.yaml loaded successfully]
[2026-05-19 12:47:40,785 : INFO : common : created directory at: artifacts]
[2026-05-19 12:47:40,786 : INFO : common : created directory at: artifacts\training]
[2026-05-19 12:47:40,788 : INFO : stage_03_model_trainer : Initializing Training class...]
[2026-05-19 12:47:40,788 : INFO : stage_03_model_trainer : Loading base model...]
[2026-05-19 12:47:41,290 : WARNING : saving_utils : Compiled the loaded model, but the compiled metrics have yet to be built. `model.compile_metrics` will be empty until you train or evaluate the model.]
[2026-05-19 12:47:41,308 : INFO : stage_03_model_trainer : Preparing data generators...]
[2026-05-19 12:47:41,310 : ERROR : stage_03_model_trainer : An error occurred in ModelTrainingPipeline.main():]
Traceback (most recent call last):
  File "E:\MLOPs Deep Learning Project\src\cnnClassifier\pipeline\stage_03_model_trainer.py", line 24, in main
    training.train_valid_generator()
  File "E:\MLOPs Deep Learning Project\src\cnnClassifier\components\model_trainer.py", line 37, in train_valid_generator
    self.valid_generator = valid_datagenerator.flow_from_directory(
  File "C:\Users\Ron\anaconda3\envs\chest\lib\site-packages\keras\src\legacy\preprocessing\image.py", line 1136, in flow_from_directory
    return DirectoryIterator(
  File "C:\Users\Ron\anaconda3\envs\chest\lib\site-packages\keras\src\legacy\preprocessing\image.py", line 456, in __init__
    for subdir in sorted(os.listdir(directory)):
FileNotFoundError: [WinError 3] The system cannot find the path specified: 'artifacts\\data_ingestion\\chest_scan\\Data\\train'
[2026-05-19 12:47:41,488 : ERROR : main : [WinError 3] The system cannot find the path specified: 'artifacts\\data_ingestion\\chest_scan\\Data\\train']
Traceback (most recent call last):
  File "E:\MLOPs Deep Learning Project\main.py", line 32, in <module>
    model_trainer.main()
  File "E:\MLOPs Deep Learning Project\src\cnnClassifier\pipeline\stage_03_model_trainer.py", line 32, in main
    raise e
  File "E:\MLOPs Deep Learning Project\src\cnnClassifier\pipeline\stage_03_model_trainer.py", line 24, in main
    training.train_valid_generator()
  File "E:\MLOPs Deep Learning Project\src\cnnClassifier\components\model_trainer.py", line 37, in train_valid_generator
    self.valid_generator = valid_datagenerator.flow_from_directory(
  File "C:\Users\Ron\anaconda3\envs\chest\lib\site-packages\keras\src\legacy\preprocessing\image.py", line 1136, in flow_from_directory
    return DirectoryIterator(
  File "C:\Users\Ron\anaconda3\envs\chest\lib\site-packages\keras\src\legacy\preprocessing\image.py", line 456, in __init__
    for subdir in sorted(os.listdir(directory)):
FileNotFoundError: [WinError 3] The system cannot find the path specified: 'artifacts\\data_ingestion\\chest_scan\\Data\\train'
[2026-05-19 12:49:19,295 : INFO : main : stage Data Ingestion Stage started]
[2026-05-19 12:49:19,324 : INFO : stage_01_data_ingestion : >>>>>>> stage Data Ingestion Stage started <<<<<<<]
[2026-05-19 12:49:19,348 : INFO : common : yaml file: config\config.yaml loaded successfully]
[2026-05-19 12:49:19,371 : INFO : common : yaml file: E:\MLOPs Deep Learning Project\params.yaml loaded successfully]
[2026-05-19 12:49:19,378 : INFO : common : created directory at: artifacts]
[2026-05-19 12:49:19,381 : INFO : common : created directory at: artifacts/data_ingestion]
[2026-05-19 12:49:19,382 : INFO : data_ingestion : File already exists at artifacts\data_ingestion\chest_scan.zip]
[2026-05-19 12:49:24,032 : INFO : data_ingestion : Unzipped data size: ~ 0 KB]
[2026-05-19 12:49:24,040 : INFO : stage_01_data_ingestion : >>>>>>> stage Data Ingestion Stage completed <<<<<<<

]
[2026-05-19 12:49:24,044 : INFO : main : stage Data Ingestion Stage completed]
[2026-05-19 12:49:24,058 : INFO : main : stage Prepare Base Model Stage started]
[2026-05-19 12:49:42,731 : INFO : stage_02_prepare_base_model : >>>>>>> stage Prepare Base Model Stage started <<<<<<<]
[2026-05-19 12:49:42,740 : INFO : common : yaml file: config\config.yaml loaded successfully]
[2026-05-19 12:49:42,832 : INFO : common : yaml file: E:\MLOPs Deep Learning Project\params.yaml loaded successfully]
[2026-05-19 12:49:42,860 : INFO : common : created directory at: artifacts]
[2026-05-19 12:49:42,920 : INFO : common : created directory at: artifacts/prepare_base_model]
[2026-05-19 12:49:43,714 : WARNING : saving_api : You are saving your model as an HDF5 file via `model.save()` or `keras.saving.save_model(model)`. This file format is considered legacy. We recommend using instead the native Keras format, e.g. `model.save('my_model.keras')` or `keras.saving.save_model(model, 'my_model.keras')`. ]
[2026-05-19 12:49:44,224 : WARNING : config : TensorFlow GPU support is not available on native Windows for TensorFlow >= 2.11. Even if CUDA/cuDNN are installed, GPU will not be used. Please use WSL2 or the TensorFlow-DirectML plugin.]
[2026-05-19 12:49:44,309 : WARNING : saving_api : You are saving your model as an HDF5 file via `model.save()` or `keras.saving.save_model(model)`. This file format is considered legacy. We recommend using instead the native Keras format, e.g. `model.save('my_model.keras')` or `keras.saving.save_model(model, 'my_model.keras')`. ]
[2026-05-19 12:49:44,854 : INFO : stage_02_prepare_base_model : >>>>>>> stage Prepare Base Model Stage completed <<<<<<<

]
[2026-05-19 12:49:44,861 : INFO : main : stage Prepare Base Model Stage completed]
[2026-05-19 12:49:44,863 : INFO : main : *******************]
[2026-05-19 12:49:44,866 : INFO : main : >>>>>> stage Training started <<<<<<]
[2026-05-19 12:49:44,866 : INFO : stage_03_model_trainer : Initializing ModelTrainingPipeline...]
[2026-05-19 12:49:44,867 : INFO : stage_03_model_trainer : Fetching training configuration...]
[2026-05-19 12:49:44,875 : INFO : common : yaml file: config\config.yaml loaded successfully]
[2026-05-19 12:49:44,886 : INFO : common : yaml file: E:\MLOPs Deep Learning Project\params.yaml loaded successfully]
[2026-05-19 12:49:44,888 : INFO : common : created directory at: artifacts]
[2026-05-19 12:49:44,890 : INFO : common : created directory at: artifacts\training]
[2026-05-19 12:49:44,890 : INFO : stage_03_model_trainer : Initializing Training class...]
[2026-05-19 12:49:44,893 : INFO : stage_03_model_trainer : Loading base model...]
[2026-05-19 12:49:45,510 : WARNING : saving_utils : Compiled the loaded model, but the compiled metrics have yet to be built. `model.compile_metrics` will be empty until you train or evaluate the model.]
[2026-05-19 12:49:45,548 : INFO : stage_03_model_trainer : Preparing data generators...]
[2026-05-19 12:49:45,549 : ERROR : stage_03_model_trainer : An error occurred in ModelTrainingPipeline.main():]
Traceback (most recent call last):
  File "E:\MLOPs Deep Learning Project\src\cnnClassifier\pipeline\stage_03_model_trainer.py", line 24, in main
    training.train_valid_generator()
  File "E:\MLOPs Deep Learning Project\src\cnnClassifier\components\model_trainer.py", line 37, in train_valid_generator
    self.valid_generator = valid_datagenerator.flow_from_directory(
  File "C:\Users\Ron\anaconda3\envs\chest\lib\site-packages\keras\src\legacy\preprocessing\image.py", line 1136, in flow_from_directory
    return DirectoryIterator(
  File "C:\Users\Ron\anaconda3\envs\chest\lib\site-packages\keras\src\legacy\preprocessing\image.py", line 456, in __init__
    for subdir in sorted(os.listdir(directory)):
FileNotFoundError: [WinError 3] The system cannot find the path specified: 'artifacts\\data_ingestion\\chest_scan\\Data'
[2026-05-19 12:49:45,585 : ERROR : main : [WinError 3] The system cannot find the path specified: 'artifacts\\data_ingestion\\chest_scan\\Data']
Traceback (most recent call last):
  File "E:\MLOPs Deep Learning Project\main.py", line 32, in <module>
    model_trainer.main()
  File "E:\MLOPs Deep Learning Project\src\cnnClassifier\pipeline\stage_03_model_trainer.py", line 32, in main
    raise e
  File "E:\MLOPs Deep Learning Project\src\cnnClassifier\pipeline\stage_03_model_trainer.py", line 24, in main
    training.train_valid_generator()
  File "E:\MLOPs Deep Learning Project\src\cnnClassifier\components\model_trainer.py", line 37, in train_valid_generator
    self.valid_generator = valid_datagenerator.flow_from_directory(
  File "C:\Users\Ron\anaconda3\envs\chest\lib\site-packages\keras\src\legacy\preprocessing\image.py", line 1136, in flow_from_directory
    return DirectoryIterator(
  File "C:\Users\Ron\anaconda3\envs\chest\lib\site-packages\keras\src\legacy\preprocessing\image.py", line 456, in __init__
    for subdir in sorted(os.listdir(directory)):
FileNotFoundError: [WinError 3] The system cannot find the path specified: 'artifacts\\data_ingestion\\chest_scan\\Data'
[2026-05-19 12:51:00,577 : INFO : main : stage Data Ingestion Stage started]
[2026-05-19 12:51:00,745 : INFO : stage_01_data_ingestion : >>>>>>> stage Data Ingestion Stage started <<<<<<<]
[2026-05-19 12:51:00,795 : INFO : common : yaml file: config\config.yaml loaded successfully]
[2026-05-19 12:51:00,822 : INFO : common : yaml file: E:\MLOPs Deep Learning Project\params.yaml loaded successfully]
[2026-05-19 12:51:00,827 : INFO : common : created directory at: artifacts]
[2026-05-19 12:51:00,832 : INFO : common : created directory at: artifacts/data_ingestion]
[2026-05-19 12:51:00,834 : INFO : data_ingestion : File already exists at artifacts\data_ingestion\chest_scan.zip]
[2026-05-19 12:51:06,043 : INFO : data_ingestion : Unzipped data size: ~ 0 KB]
[2026-05-19 12:51:06,050 : INFO : stage_01_data_ingestion : >>>>>>> stage Data Ingestion Stage completed <<<<<<<

]
[2026-05-19 12:51:06,054 : INFO : main : stage Data Ingestion Stage completed]
[2026-05-19 12:51:06,064 : INFO : main : stage Prepare Base Model Stage started]
[2026-05-19 12:51:27,049 : INFO : stage_02_prepare_base_model : >>>>>>> stage Prepare Base Model Stage started <<<<<<<]
[2026-05-19 12:51:27,053 : INFO : common : yaml file: config\config.yaml loaded successfully]
[2026-05-19 12:51:27,060 : INFO : common : yaml file: E:\MLOPs Deep Learning Project\params.yaml loaded successfully]
[2026-05-19 12:51:27,061 : INFO : common : created directory at: artifacts]
[2026-05-19 12:51:27,062 : INFO : common : created directory at: artifacts/prepare_base_model]
[2026-05-19 12:51:28,150 : WARNING : saving_api : You are saving your model as an HDF5 file via `model.save()` or `keras.saving.save_model(model)`. This file format is considered legacy. We recommend using instead the native Keras format, e.g. `model.save('my_model.keras')` or `keras.saving.save_model(model, 'my_model.keras')`. ]
[2026-05-19 12:51:28,590 : WARNING : config : TensorFlow GPU support is not available on native Windows for TensorFlow >= 2.11. Even if CUDA/cuDNN are installed, GPU will not be used. Please use WSL2 or the TensorFlow-DirectML plugin.]
[2026-05-19 12:51:28,716 : WARNING : saving_api : You are saving your model as an HDF5 file via `model.save()` or `keras.saving.save_model(model)`. This file format is considered legacy. We recommend using instead the native Keras format, e.g. `model.save('my_model.keras')` or `keras.saving.save_model(model, 'my_model.keras')`. ]
[2026-05-19 12:51:29,020 : INFO : stage_02_prepare_base_model : >>>>>>> stage Prepare Base Model Stage completed <<<<<<<

]
[2026-05-19 12:51:29,020 : INFO : main : stage Prepare Base Model Stage completed]
[2026-05-19 12:51:29,020 : INFO : main : *******************]
[2026-05-19 12:51:29,099 : INFO : main : >>>>>> stage Training started <<<<<<]
[2026-05-19 12:51:29,099 : INFO : stage_03_model_trainer : Initializing ModelTrainingPipeline...]
[2026-05-19 12:51:29,099 : INFO : stage_03_model_trainer : Fetching training configuration...]
[2026-05-19 12:51:29,108 : INFO : common : yaml file: config\config.yaml loaded successfully]
[2026-05-19 12:51:29,118 : INFO : common : yaml file: E:\MLOPs Deep Learning Project\params.yaml loaded successfully]
[2026-05-19 12:51:29,120 : INFO : common : created directory at: artifacts]
[2026-05-19 12:51:29,120 : INFO : common : created directory at: artifacts\training]
[2026-05-19 12:51:29,120 : INFO : stage_03_model_trainer : Initializing Training class...]
[2026-05-19 12:51:29,120 : INFO : stage_03_model_trainer : Loading base model...]
[2026-05-19 12:51:29,510 : WARNING : saving_utils : Compiled the loaded model, but the compiled metrics have yet to be built. `model.compile_metrics` will be empty until you train or evaluate the model.]
[2026-05-19 12:51:29,520 : INFO : stage_03_model_trainer : Preparing data generators...]
[2026-05-19 12:51:29,911 : INFO : stage_03_model_trainer : Starting model training...]
[2026-05-19 12:51:32,070 : ERROR : stage_03_model_trainer : An error occurred in ModelTrainingPipeline.main():]
Traceback (most recent call last):
  File "E:\MLOPs Deep Learning Project\src\cnnClassifier\pipeline\stage_03_model_trainer.py", line 27, in main
    training.train()
  File "E:\MLOPs Deep Learning Project\src\cnnClassifier\components\model_trainer.py", line 76, in train
    self.model.fit(
  File "C:\Users\Ron\anaconda3\envs\chest\lib\site-packages\keras\src\utils\traceback_utils.py", line 122, in error_handler
    raise e.with_traceback(filtered_tb) from None
  File "C:\Users\Ron\anaconda3\envs\chest\lib\site-packages\keras\src\backend\tensorflow\core.py", line 171, in convert_to_numpy
    return np.array(x)
NotImplementedError: numpy() is only available when eager execution is enabled.
[2026-05-19 12:51:32,080 : ERROR : main : numpy() is only available when eager execution is enabled.]
Traceback (most recent call last):
  File "E:\MLOPs Deep Learning Project\main.py", line 32, in <module>
    model_trainer.main()
  File "E:\MLOPs Deep Learning Project\src\cnnClassifier\pipeline\stage_03_model_trainer.py", line 32, in main
    raise e
  File "E:\MLOPs Deep Learning Project\src\cnnClassifier\pipeline\stage_03_model_trainer.py", line 27, in main
    training.train()
  File "E:\MLOPs Deep Learning Project\src\cnnClassifier\components\model_trainer.py", line 76, in train
    self.model.fit(
  File "C:\Users\Ron\anaconda3\envs\chest\lib\site-packages\keras\src\utils\traceback_utils.py", line 122, in error_handler
    raise e.with_traceback(filtered_tb) from None
  File "C:\Users\Ron\anaconda3\envs\chest\lib\site-packages\keras\src\backend\tensorflow\core.py", line 171, in convert_to_numpy
    return np.array(x)
NotImplementedError: numpy() is only available when eager execution is enabled.
[2026-05-19 13:09:38,856 : INFO : main : stage Data Ingestion Stage started]
[2026-05-19 13:09:38,856 : INFO : stage_01_data_ingestion : >>>>>>> stage Data Ingestion Stage started <<<<<<<]
[2026-05-19 13:09:38,862 : INFO : common : yaml file: config\config.yaml loaded successfully]
[2026-05-19 13:09:38,870 : INFO : common : yaml file: E:\MLOPs Deep Learning Project\params.yaml loaded successfully]
[2026-05-19 13:09:38,878 : INFO : common : created directory at: artifacts]
[2026-05-19 13:09:38,889 : INFO : common : created directory at: artifacts/data_ingestion]
[2026-05-19 13:09:38,890 : INFO : data_ingestion : File already exists at artifacts\data_ingestion\chest_scan.zip]
[2026-05-19 13:09:43,979 : INFO : data_ingestion : Unzipped data size: ~ 0 KB]
[2026-05-19 13:09:43,996 : INFO : stage_01_data_ingestion : >>>>>>> stage Data Ingestion Stage completed <<<<<<<

]
[2026-05-19 13:09:44,003 : INFO : main : stage Data Ingestion Stage completed]
[2026-05-19 13:09:44,004 : INFO : main : stage Prepare Base Model Stage started]
[2026-05-19 13:10:02,213 : INFO : stage_02_prepare_base_model : >>>>>>> stage Prepare Base Model Stage started <<<<<<<]
[2026-05-19 13:10:02,219 : INFO : common : yaml file: config\config.yaml loaded successfully]
[2026-05-19 13:10:02,223 : INFO : common : yaml file: E:\MLOPs Deep Learning Project\params.yaml loaded successfully]
[2026-05-19 13:10:02,225 : INFO : common : created directory at: artifacts]
[2026-05-19 13:10:02,228 : INFO : common : created directory at: artifacts/prepare_base_model]
[2026-05-19 13:10:03,286 : WARNING : saving_api : You are saving your model as an HDF5 file via `model.save()` or `keras.saving.save_model(model)`. This file format is considered legacy. We recommend using instead the native Keras format, e.g. `model.save('my_model.keras')` or `keras.saving.save_model(model, 'my_model.keras')`. ]
[2026-05-19 13:10:03,793 : WARNING : config : TensorFlow GPU support is not available on native Windows for TensorFlow >= 2.11. Even if CUDA/cuDNN are installed, GPU will not be used. Please use WSL2 or the TensorFlow-DirectML plugin.]
[2026-05-19 13:10:03,874 : WARNING : saving_api : You are saving your model as an HDF5 file via `model.save()` or `keras.saving.save_model(model)`. This file format is considered legacy. We recommend using instead the native Keras format, e.g. `model.save('my_model.keras')` or `keras.saving.save_model(model, 'my_model.keras')`. ]
[2026-05-19 13:10:04,332 : INFO : stage_02_prepare_base_model : >>>>>>> stage Prepare Base Model Stage completed <<<<<<<

]
[2026-05-19 13:10:04,332 : INFO : main : stage Prepare Base Model Stage completed]
[2026-05-19 13:10:04,332 : INFO : main : *******************]
[2026-05-19 13:10:07,189 : WARNING : module_wrapper : From E:\MLOPs Deep Learning Project\src\cnnClassifier\components\model_trainer.py:6: The name tf.enable_eager_execution is deprecated. Please use tf.compat.v1.enable_eager_execution instead.
]
[2026-05-19 13:10:07,189 : INFO : main : >>>>>> stage Training started <<<<<<]
[2026-05-19 13:10:07,189 : INFO : stage_03_model_trainer : Initializing ModelTrainingPipeline...]
[2026-05-19 13:10:07,189 : INFO : stage_03_model_trainer : Fetching training configuration...]
[2026-05-19 13:10:07,207 : INFO : common : yaml file: config\config.yaml loaded successfully]
[2026-05-19 13:10:07,213 : INFO : common : yaml file: E:\MLOPs Deep Learning Project\params.yaml loaded successfully]
[2026-05-19 13:10:07,213 : INFO : common : created directory at: artifacts]
[2026-05-19 13:10:07,215 : INFO : common : created directory at: artifacts\training]
[2026-05-19 13:10:07,215 : INFO : stage_03_model_trainer : Initializing Training class...]
[2026-05-19 13:10:07,215 : INFO : stage_03_model_trainer : Loading base model...]
[2026-05-19 13:10:07,682 : WARNING : saving_utils : Compiled the loaded model, but the compiled metrics have yet to be built. `model.compile_metrics` will be empty until you train or evaluate the model.]
[2026-05-19 13:10:07,692 : INFO : stage_03_model_trainer : Preparing data generators...]
[2026-05-19 13:10:08,103 : INFO : stage_03_model_trainer : Starting model training...]
[2026-05-19 13:10:47,090 : ERROR : stage_03_model_trainer : An error occurred in ModelTrainingPipeline.main():]
Traceback (most recent call last):
  File "E:\MLOPs Deep Learning Project\src\cnnClassifier\pipeline\stage_03_model_trainer.py", line 27, in main
    training.train()
  File "E:\MLOPs Deep Learning Project\src\cnnClassifier\components\model_trainer.py", line 78, in train
    self.model.fit(
  File "C:\Users\Ron\anaconda3\envs\chest\lib\site-packages\keras\src\utils\traceback_utils.py", line 122, in error_handler
    raise e.with_traceback(filtered_tb) from None
  File "C:\Users\Ron\anaconda3\envs\chest\lib\site-packages\keras\src\optimizers\base_optimizer.py", line 408, in _check_variables_are_known
    raise ValueError(
ValueError: Unknown variable: <Variable path=dense/kernel, shape=(25088, 2), dtype=float32, value=[[ 0.00536064  0.01397469]
 [-0.00828247 -0.01319871]
 [ 0.00408005 -0.00628308]
 ...
 [-0.00027214  0.00219466]
 [-0.0113261   0.01490267]
 [-0.01193347 -0.0118212 ]]>. This optimizer can only be called for the variables it was originally built with. When working with a new set of variables, you should recreate a new optimizer instance.
[2026-05-19 13:10:47,092 : ERROR : main : Unknown variable: <Variable path=dense/kernel, shape=(25088, 2), dtype=float32, value=[[ 0.00536064  0.01397469]
 [-0.00828247 -0.01319871]
 [ 0.00408005 -0.00628308]
 ...
 [-0.00027214  0.00219466]
 [-0.0113261   0.01490267]
 [-0.01193347 -0.0118212 ]]>. This optimizer can only be called for the variables it was originally built with. When working with a new set of variables, you should recreate a new optimizer instance.]
Traceback (most recent call last):
  File "E:\MLOPs Deep Learning Project\main.py", line 32, in <module>
    model_trainer.main()
  File "E:\MLOPs Deep Learning Project\src\cnnClassifier\pipeline\stage_03_model_trainer.py", line 32, in main
    raise e
  File "E:\MLOPs Deep Learning Project\src\cnnClassifier\pipeline\stage_03_model_trainer.py", line 27, in main
    training.train()
  File "E:\MLOPs Deep Learning Project\src\cnnClassifier\components\model_trainer.py", line 78, in train
    self.model.fit(
  File "C:\Users\Ron\anaconda3\envs\chest\lib\site-packages\keras\src\utils\traceback_utils.py", line 122, in error_handler
    raise e.with_traceback(filtered_tb) from None
  File "C:\Users\Ron\anaconda3\envs\chest\lib\site-packages\keras\src\optimizers\base_optimizer.py", line 408, in _check_variables_are_known
    raise ValueError(
ValueError: Unknown variable: <Variable path=dense/kernel, shape=(25088, 2), dtype=float32, value=[[ 0.00536064  0.01397469]
 [-0.00828247 -0.01319871]
 [ 0.00408005 -0.00628308]
 ...
 [-0.00027214  0.00219466]
 [-0.0113261   0.01490267]
 [-0.01193347 -0.0118212 ]]>. This optimizer can only be called for the variables it was originally built with. When working with a new set of variables, you should recreate a new optimizer instance.
[2026-05-19 13:54:41,204 : INFO : main : stage Data Ingestion Stage started]
[2026-05-19 13:54:41,297 : INFO : stage_01_data_ingestion : >>>>>>> stage Data Ingestion Stage started <<<<<<<]
[2026-05-19 13:54:41,310 : INFO : common : yaml file: config\config.yaml loaded successfully]
[2026-05-19 13:54:41,324 : INFO : common : yaml file: E:\MLOPs Deep Learning Project\params.yaml loaded successfully]
[2026-05-19 13:54:41,324 : INFO : common : created directory at: artifacts]
[2026-05-19 13:54:41,326 : INFO : common : created directory at: artifacts/data_ingestion]
[2026-05-19 13:54:41,326 : INFO : data_ingestion : File already exists at artifacts\data_ingestion\chest_scan.zip]
[2026-05-19 13:54:45,553 : INFO : data_ingestion : Unzipped data size: ~ 0 KB]
[2026-05-19 13:54:45,559 : INFO : stage_01_data_ingestion : >>>>>>> stage Data Ingestion Stage completed <<<<<<<

]
[2026-05-19 13:54:45,561 : INFO : main : stage Data Ingestion Stage completed]
[2026-05-19 13:54:45,561 : INFO : main : stage Prepare Base Model Stage started]
[2026-05-19 13:55:04,715 : INFO : stage_02_prepare_base_model : >>>>>>> stage Prepare Base Model Stage started <<<<<<<]
[2026-05-19 13:55:04,722 : INFO : common : yaml file: config\config.yaml loaded successfully]
[2026-05-19 13:55:04,728 : INFO : common : yaml file: E:\MLOPs Deep Learning Project\params.yaml loaded successfully]
[2026-05-19 13:55:04,729 : INFO : common : created directory at: artifacts]
[2026-05-19 13:55:04,729 : INFO : common : created directory at: artifacts/prepare_base_model]
[2026-05-19 13:55:05,571 : WARNING : saving_api : You are saving your model as an HDF5 file via `model.save()` or `keras.saving.save_model(model)`. This file format is considered legacy. We recommend using instead the native Keras format, e.g. `model.save('my_model.keras')` or `keras.saving.save_model(model, 'my_model.keras')`. ]
[2026-05-19 13:55:06,071 : WARNING : config : TensorFlow GPU support is not available on native Windows for TensorFlow >= 2.11. Even if CUDA/cuDNN are installed, GPU will not be used. Please use WSL2 or the TensorFlow-DirectML plugin.]
[2026-05-19 13:55:06,146 : WARNING : saving_api : You are saving your model as an HDF5 file via `model.save()` or `keras.saving.save_model(model)`. This file format is considered legacy. We recommend using instead the native Keras format, e.g. `model.save('my_model.keras')` or `keras.saving.save_model(model, 'my_model.keras')`. ]
[2026-05-19 13:55:06,455 : INFO : stage_02_prepare_base_model : >>>>>>> stage Prepare Base Model Stage completed <<<<<<<

]
[2026-05-19 13:55:06,458 : INFO : main : stage Prepare Base Model Stage completed]
[2026-05-19 13:55:06,458 : INFO : main : *******************]
[2026-05-19 13:55:09,682 : WARNING : module_wrapper : From E:\MLOPs Deep Learning Project\src\cnnClassifier\components\model_trainer.py:6: The name tf.enable_eager_execution is deprecated. Please use tf.compat.v1.enable_eager_execution instead.
]
[2026-05-19 13:55:09,682 : INFO : main : >>>>>> stage Training started <<<<<<]
[2026-05-19 13:55:09,682 : INFO : stage_03_model_trainer : Initializing ModelTrainingPipeline...]
[2026-05-19 13:55:09,682 : INFO : stage_03_model_trainer : Fetching training configuration...]
[2026-05-19 13:55:09,698 : INFO : common : yaml file: config\config.yaml loaded successfully]
[2026-05-19 13:55:09,714 : INFO : common : yaml file: E:\MLOPs Deep Learning Project\params.yaml loaded successfully]
[2026-05-19 13:55:09,714 : INFO : common : created directory at: artifacts]
[2026-05-19 13:55:09,714 : INFO : common : created directory at: artifacts\training]
[2026-05-19 13:55:09,714 : INFO : stage_03_model_trainer : Initializing Training class...]
[2026-05-19 13:55:09,714 : INFO : stage_03_model_trainer : Loading base model...]
[2026-05-19 13:55:10,177 : WARNING : legacy_h5_format : No training configuration found in the save file, so the model was *not* compiled. Compile it manually.]
[2026-05-19 13:55:10,179 : ERROR : stage_03_model_trainer : An error occurred in ModelTrainingPipeline.main():]
Traceback (most recent call last):
  File "E:\MLOPs Deep Learning Project\src\cnnClassifier\pipeline\stage_03_model_trainer.py", line 21, in main
    training.get_base_model()
  File "E:\MLOPs Deep Learning Project\src\cnnClassifier\components\model_trainer.py", line 22, in get_base_model
    optimizer=Adam(learning_rate=self.config.params_learning_rate),
AttributeError: 'TrainingConfig' object has no attribute 'params_learning_rate'
[2026-05-19 13:55:10,183 : ERROR : main : 'TrainingConfig' object has no attribute 'params_learning_rate']
Traceback (most recent call last):
  File "E:\MLOPs Deep Learning Project\main.py", line 32, in <module>
    model_trainer.main()
  File "E:\MLOPs Deep Learning Project\src\cnnClassifier\pipeline\stage_03_model_trainer.py", line 32, in main
    raise e
  File "E:\MLOPs Deep Learning Project\src\cnnClassifier\pipeline\stage_03_model_trainer.py", line 21, in main
    training.get_base_model()
  File "E:\MLOPs Deep Learning Project\src\cnnClassifier\components\model_trainer.py", line 22, in get_base_model
    optimizer=Adam(learning_rate=self.config.params_learning_rate),
AttributeError: 'TrainingConfig' object has no attribute 'params_learning_rate'
[2026-05-19 13:59:26,234 : INFO : main : stage Data Ingestion Stage started]
[2026-05-19 13:59:26,234 : INFO : stage_01_data_ingestion : >>>>>>> stage Data Ingestion Stage started <<<<<<<]
[2026-05-19 13:59:26,240 : INFO : common : yaml file: config\config.yaml loaded successfully]
[2026-05-19 13:59:26,247 : INFO : common : yaml file: E:\MLOPs Deep Learning Project\params.yaml loaded successfully]
[2026-05-19 13:59:26,251 : INFO : common : created directory at: artifacts]
[2026-05-19 13:59:26,253 : INFO : common : created directory at: artifacts/data_ingestion]
[2026-05-19 13:59:26,253 : INFO : data_ingestion : File already exists at artifacts\data_ingestion\chest_scan.zip]
[2026-05-19 13:59:31,892 : INFO : data_ingestion : Unzipped data size: ~ 0 KB]
[2026-05-19 13:59:31,896 : INFO : stage_01_data_ingestion : >>>>>>> stage Data Ingestion Stage completed <<<<<<<

]
[2026-05-19 13:59:31,929 : INFO : main : stage Data Ingestion Stage completed]
[2026-05-19 13:59:31,936 : INFO : main : stage Prepare Base Model Stage started]
[2026-05-19 13:59:48,474 : INFO : stage_02_prepare_base_model : >>>>>>> stage Prepare Base Model Stage started <<<<<<<]
[2026-05-19 13:59:48,479 : INFO : common : yaml file: config\config.yaml loaded successfully]
[2026-05-19 13:59:48,491 : INFO : common : yaml file: E:\MLOPs Deep Learning Project\params.yaml loaded successfully]
[2026-05-19 13:59:48,491 : INFO : common : created directory at: artifacts]
[2026-05-19 13:59:48,491 : INFO : common : created directory at: artifacts/prepare_base_model]
[2026-05-19 13:59:50,003 : WARNING : saving_api : You are saving your model as an HDF5 file via `model.save()` or `keras.saving.save_model(model)`. This file format is considered legacy. We recommend using instead the native Keras format, e.g. `model.save('my_model.keras')` or `keras.saving.save_model(model, 'my_model.keras')`. ]
[2026-05-19 13:59:50,560 : WARNING : config : TensorFlow GPU support is not available on native Windows for TensorFlow >= 2.11. Even if CUDA/cuDNN are installed, GPU will not be used. Please use WSL2 or the TensorFlow-DirectML plugin.]
[2026-05-19 13:59:50,880 : WARNING : saving_api : You are saving your model as an HDF5 file via `model.save()` or `keras.saving.save_model(model)`. This file format is considered legacy. We recommend using instead the native Keras format, e.g. `model.save('my_model.keras')` or `keras.saving.save_model(model, 'my_model.keras')`. ]
[2026-05-19 13:59:51,267 : INFO : stage_02_prepare_base_model : >>>>>>> stage Prepare Base Model Stage completed <<<<<<<

]
[2026-05-19 13:59:51,267 : INFO : main : stage Prepare Base Model Stage completed]
[2026-05-19 13:59:51,267 : INFO : main : *******************]
[2026-05-19 13:59:56,233 : WARNING : module_wrapper : From E:\MLOPs Deep Learning Project\src\cnnClassifier\components\model_trainer.py:6: The name tf.enable_eager_execution is deprecated. Please use tf.compat.v1.enable_eager_execution instead.
]
[2026-05-19 13:59:56,233 : INFO : main : >>>>>> stage Training started <<<<<<]
[2026-05-19 13:59:56,235 : INFO : stage_03_model_trainer : Initializing ModelTrainingPipeline...]
[2026-05-19 13:59:56,235 : INFO : stage_03_model_trainer : Fetching training configuration...]
[2026-05-19 13:59:56,235 : INFO : common : yaml file: config\config.yaml loaded successfully]
[2026-05-19 13:59:56,255 : INFO : common : yaml file: E:\MLOPs Deep Learning Project\params.yaml loaded successfully]
[2026-05-19 13:59:56,255 : INFO : common : created directory at: artifacts]
[2026-05-19 13:59:56,257 : INFO : common : created directory at: artifacts\training]
[2026-05-19 13:59:56,257 : ERROR : stage_03_model_trainer : An error occurred in ModelTrainingPipeline.main():]
Traceback (most recent call last):
  File "E:\MLOPs Deep Learning Project\src\cnnClassifier\pipeline\stage_03_model_trainer.py", line 15, in main
    training_config = config.get_training_config()
  File "E:\MLOPs Deep Learning Project\src\cnnClassifier\config\configuration.py", line 56, in get_training_config
    training_config = TrainingConfig(
TypeError: TrainingConfig.__init__() got an unexpected keyword argument 'params_learning_rate'
[2026-05-19 13:59:56,259 : ERROR : main : TrainingConfig.__init__() got an unexpected keyword argument 'params_learning_rate']
Traceback (most recent call last):
  File "E:\MLOPs Deep Learning Project\main.py", line 32, in <module>
    model_trainer.main()
  File "E:\MLOPs Deep Learning Project\src\cnnClassifier\pipeline\stage_03_model_trainer.py", line 32, in main
    raise e
  File "E:\MLOPs Deep Learning Project\src\cnnClassifier\pipeline\stage_03_model_trainer.py", line 15, in main
    training_config = config.get_training_config()
  File "E:\MLOPs Deep Learning Project\src\cnnClassifier\config\configuration.py", line 56, in get_training_config
    training_config = TrainingConfig(
TypeError: TrainingConfig.__init__() got an unexpected keyword argument 'params_learning_rate'
[2026-05-19 14:05:30,641 : INFO : main : stage Data Ingestion Stage started]
[2026-05-19 14:05:30,641 : INFO : stage_01_data_ingestion : >>>>>>> stage Data Ingestion Stage started <<<<<<<]
[2026-05-19 14:05:30,641 : INFO : common : yaml file: config\config.yaml loaded successfully]
[2026-05-19 14:05:30,657 : INFO : common : yaml file: E:\MLOPs Deep Learning Project\params.yaml loaded successfully]
[2026-05-19 14:05:30,662 : INFO : common : created directory at: artifacts]
[2026-05-19 14:05:30,664 : INFO : common : created directory at: artifacts/data_ingestion]
[2026-05-19 14:05:30,664 : INFO : data_ingestion : File already exists at artifacts\data_ingestion\chest_scan.zip]
[2026-05-19 14:05:34,201 : INFO : data_ingestion : Unzipped data size: ~ 0 KB]
[2026-05-19 14:05:34,210 : INFO : stage_01_data_ingestion : >>>>>>> stage Data Ingestion Stage completed <<<<<<<

]
[2026-05-19 14:05:34,210 : INFO : main : stage Data Ingestion Stage completed]
[2026-05-19 14:05:34,210 : INFO : main : stage Prepare Base Model Stage started]
[2026-05-19 14:05:45,711 : INFO : stage_02_prepare_base_model : >>>>>>> stage Prepare Base Model Stage started <<<<<<<]
[2026-05-19 14:05:45,727 : INFO : common : yaml file: config\config.yaml loaded successfully]
[2026-05-19 14:05:45,740 : INFO : common : yaml file: E:\MLOPs Deep Learning Project\params.yaml loaded successfully]
[2026-05-19 14:05:45,740 : INFO : common : created directory at: artifacts]
[2026-05-19 14:05:45,745 : INFO : common : created directory at: artifacts/prepare_base_model]
[2026-05-19 14:05:46,419 : WARNING : saving_api : You are saving your model as an HDF5 file via `model.save()` or `keras.saving.save_model(model)`. This file format is considered legacy. We recommend using instead the native Keras format, e.g. `model.save('my_model.keras')` or `keras.saving.save_model(model, 'my_model.keras')`. ]
[2026-05-19 14:05:46,827 : WARNING : config : TensorFlow GPU support is not available on native Windows for TensorFlow >= 2.11. Even if CUDA/cuDNN are installed, GPU will not be used. Please use WSL2 or the TensorFlow-DirectML plugin.]
[2026-05-19 14:05:46,895 : WARNING : saving_api : You are saving your model as an HDF5 file via `model.save()` or `keras.saving.save_model(model)`. This file format is considered legacy. We recommend using instead the native Keras format, e.g. `model.save('my_model.keras')` or `keras.saving.save_model(model, 'my_model.keras')`. ]
[2026-05-19 14:05:47,166 : INFO : stage_02_prepare_base_model : >>>>>>> stage Prepare Base Model Stage completed <<<<<<<

]
[2026-05-19 14:05:47,166 : INFO : main : stage Prepare Base Model Stage completed]
[2026-05-19 14:05:47,166 : INFO : main : *******************]
[2026-05-19 14:05:50,010 : WARNING : module_wrapper : From E:\MLOPs Deep Learning Project\src\cnnClassifier\components\model_trainer.py:6: The name tf.enable_eager_execution is deprecated. Please use tf.compat.v1.enable_eager_execution instead.
]
[2026-05-19 14:05:50,012 : INFO : main : >>>>>> stage Training started <<<<<<]
[2026-05-19 14:05:50,012 : INFO : stage_03_model_trainer : Initializing ModelTrainingPipeline...]
[2026-05-19 14:05:50,012 : INFO : stage_03_model_trainer : Fetching training configuration...]
[2026-05-19 14:05:50,021 : INFO : common : yaml file: config\config.yaml loaded successfully]
[2026-05-19 14:05:50,027 : INFO : common : yaml file: E:\MLOPs Deep Learning Project\params.yaml loaded successfully]
[2026-05-19 14:05:50,029 : INFO : common : created directory at: artifacts]
[2026-05-19 14:05:50,030 : INFO : common : created directory at: artifacts\training]
[2026-05-19 14:05:50,031 : INFO : stage_03_model_trainer : Initializing Training class...]
[2026-05-19 14:05:50,031 : INFO : stage_03_model_trainer : Loading base model...]
[2026-05-19 14:05:50,425 : WARNING : legacy_h5_format : No training configuration found in the save file, so the model was *not* compiled. Compile it manually.]
[2026-05-19 14:05:50,425 : INFO : stage_03_model_trainer : Preparing data generators...]
[2026-05-19 14:05:50,854 : INFO : stage_03_model_trainer : Starting model training...]
[2026-05-19 16:41:37,300 : WARNING : saving_api : You are saving your model as an HDF5 file via `model.save()` or `keras.saving.save_model(model)`. This file format is considered legacy. We recommend using instead the native Keras format, e.g. `model.save('my_model.keras')` or `keras.saving.save_model(model, 'my_model.keras')`. ]
[2026-05-19 16:41:38,132 : INFO : stage_03_model_trainer : Model training completed successfully.]
[2026-05-19 16:41:38,150 : INFO : main : >>>>>> stage Training completed <<<<<<

x==========x]
[2026-05-20 01:15:46,772 : INFO : main : stage Data Ingestion Stage started]
[2026-05-20 01:15:46,873 : INFO : stage_01_data_ingestion : >>>>>>> stage Data Ingestion Stage started <<<<<<<]
[2026-05-20 01:15:46,883 : INFO : common : yaml file: config\config.yaml loaded successfully]
[2026-05-20 01:15:46,929 : INFO : common : yaml file: E:\MLOPs Deep Learning Project\params.yaml loaded successfully]
[2026-05-20 01:15:46,930 : INFO : common : created directory at: artifacts]
[2026-05-20 01:15:46,933 : INFO : common : created directory at: artifacts/data_ingestion]
[2026-05-20 01:15:46,933 : INFO : data_ingestion : File already exists at artifacts\data_ingestion\chest_scan.zip]
[2026-05-20 01:15:52,185 : INFO : data_ingestion : Unzipped data size: ~ 0 KB]
[2026-05-20 01:15:52,188 : INFO : stage_01_data_ingestion : >>>>>>> stage Data Ingestion Stage completed <<<<<<<

]
[2026-05-20 01:15:52,188 : INFO : main : stage Data Ingestion Stage completed]
[2026-05-20 01:15:52,190 : INFO : main : stage Prepare Base Model Stage started]
[2026-05-20 01:23:08,363 : WARNING : module_wrapper : From E:\MLOPs Deep Learning Project\src\cnnClassifier\components\model_trainer.py:6: The name tf.enable_eager_execution is deprecated. Please use tf.compat.v1.enable_eager_execution instead.
]
[2026-05-20 01:23:15,601 : INFO : _client : HTTP Request: GET https://dagshub.com/api/v1/user "HTTP/1.1 200 OK"]
[2026-05-20 01:23:15,624 : INFO : helpers : Accessing as Roniwatson4222]
[2026-05-20 01:23:16,481 : INFO : _client : HTTP Request: GET https://dagshub.com/api/v1/repos/Roniwatson4222/MLOPs-DEEP-LEARNING-PROJECT "HTTP/1.1 200 OK"]
[2026-05-20 01:23:17,285 : INFO : _client : HTTP Request: GET https://dagshub.com/api/v1/user "HTTP/1.1 200 OK"]
[2026-05-20 01:23:17,291 : INFO : helpers : Initialized MLflow to track repo "Roniwatson4222/MLOPs-DEEP-LEARNING-PROJECT"]
[2026-05-20 01:23:17,319 : INFO : helpers : Repository Roniwatson4222/MLOPs-DEEP-LEARNING-PROJECT initialized!]
[2026-05-20 01:23:20,792 : INFO : main : stage Data Ingestion Stage started]
[2026-05-20 01:23:20,792 : INFO : stage_01_data_ingestion : >>>>>>> stage Data Ingestion Stage started <<<<<<<]
[2026-05-20 01:23:20,792 : INFO : common : yaml file: config\config.yaml loaded successfully]
[2026-05-20 01:23:20,803 : INFO : common : yaml file: E:\MLOPs Deep Learning Project\params.yaml loaded successfully]
[2026-05-20 01:23:20,808 : INFO : common : created directory at: artifacts]
[2026-05-20 01:23:20,823 : INFO : common : created directory at: artifacts/data_ingestion]
[2026-05-20 01:23:20,824 : INFO : data_ingestion : File already exists at artifacts\data_ingestion\chest_scan.zip]
[2026-05-20 01:23:25,568 : INFO : data_ingestion : Unzipped data size: ~ 0 KB]
[2026-05-20 01:23:25,583 : INFO : stage_01_data_ingestion : >>>>>>> stage Data Ingestion Stage completed <<<<<<<

]
[2026-05-20 01:23:25,583 : INFO : main : stage Data Ingestion Stage completed]
[2026-05-20 01:23:25,583 : INFO : main : stage Prepare Base Model Stage started]
[2026-05-20 01:23:25,583 : INFO : stage_02_prepare_base_model : >>>>>>> stage Prepare Base Model Stage started <<<<<<<]
[2026-05-20 01:23:25,588 : INFO : common : yaml file: config\config.yaml loaded successfully]
[2026-05-20 01:23:25,596 : INFO : common : yaml file: E:\MLOPs Deep Learning Project\params.yaml loaded successfully]
[2026-05-20 01:23:25,597 : INFO : common : created directory at: artifacts]
[2026-05-20 01:23:25,600 : INFO : common : created directory at: artifacts/prepare_base_model]
[2026-05-20 01:23:26,777 : WARNING : saving_api : You are saving your model as an HDF5 file via `model.save()` or `keras.saving.save_model(model)`. This file format is considered legacy. We recommend using instead the native Keras format, e.g. `model.save('my_model.keras')` or `keras.saving.save_model(model, 'my_model.keras')`. ]
[2026-05-20 01:23:27,288 : WARNING : config : TensorFlow GPU support is not available on native Windows for TensorFlow >= 2.11. Even if CUDA/cuDNN are installed, GPU will not be used. Please use WSL2 or the TensorFlow-DirectML plugin.]
[2026-05-20 01:23:27,796 : WARNING : saving_api : You are saving your model as an HDF5 file via `model.save()` or `keras.saving.save_model(model)`. This file format is considered legacy. We recommend using instead the native Keras format, e.g. `model.save('my_model.keras')` or `keras.saving.save_model(model, 'my_model.keras')`. ]
[2026-05-20 01:23:28,216 : INFO : stage_02_prepare_base_model : >>>>>>> stage Prepare Base Model Stage completed <<<<<<<

]
[2026-05-20 01:23:28,216 : INFO : main : stage Prepare Base Model Stage completed]
[2026-05-20 01:23:28,216 : INFO : main : *******************]
[2026-05-20 01:23:28,216 : INFO : main : >>>>>> stage Training started <<<<<<]
[2026-05-20 01:23:28,216 : INFO : stage_03_model_trainer : Initializing ModelTrainingPipeline...]
[2026-05-20 01:23:28,216 : INFO : stage_03_model_trainer : Fetching training configuration...]
[2026-05-20 01:23:28,216 : INFO : common : yaml file: config\config.yaml loaded successfully]
[2026-05-20 01:23:28,232 : INFO : common : yaml file: E:\MLOPs Deep Learning Project\params.yaml loaded successfully]
[2026-05-20 01:23:28,234 : INFO : common : created directory at: artifacts]
[2026-05-20 01:23:28,236 : INFO : common : created directory at: artifacts\training]
[2026-05-20 01:23:28,237 : INFO : stage_03_model_trainer : Initializing Training class...]
[2026-05-20 01:23:28,237 : INFO : stage_03_model_trainer : Loading base model...]
[2026-05-20 01:23:28,700 : WARNING : legacy_h5_format : No training configuration found in the save file, so the model was *not* compiled. Compile it manually.]
[2026-05-20 01:23:28,714 : INFO : stage_03_model_trainer : Preparing data generators...]
[2026-05-20 01:23:29,130 : INFO : stage_03_model_trainer : Starting model training...]
[2026-05-20 01:51:54,796 : WARNING : saving_api : You are saving your model as an HDF5 file via `model.save()` or `keras.saving.save_model(model)`. This file format is considered legacy. We recommend using instead the native Keras format, e.g. `model.save('my_model.keras')` or `keras.saving.save_model(model, 'my_model.keras')`. ]
[2026-05-20 01:51:57,740 : INFO : stage_03_model_trainer : Model training completed successfully.]
[2026-05-20 01:51:57,755 : INFO : main : >>>>>> stage Training completed <<<<<<

x==========x]
[2026-05-20 01:51:57,755 : INFO : main : *******************]
[2026-05-20 01:51:57,771 : INFO : main : >>>>>> stage Evaluation stage started <<<<<<]
[2026-05-20 01:51:57,807 : INFO : common : yaml file: config\config.yaml loaded successfully]
[2026-05-20 01:51:57,821 : INFO : common : yaml file: E:\MLOPs Deep Learning Project\params.yaml loaded successfully]
[2026-05-20 01:51:57,829 : INFO : common : created directory at: artifacts]
[2026-05-20 01:51:57,840 : ERROR : main : [Errno 2] Unable to synchronously open file (unable to open file: name = 'artifacts/training/model.h5', errno = 2, error message = 'No such file or directory', flags = 0, o_flags = 0)]
Traceback (most recent call last):
  File "E:\MLOPs Deep Learning Project\main.py", line 47, in <module>
    model_evalution.main()
  File "E:\MLOPs Deep Learning Project\src\cnnClassifier\pipeline\stage_04_evaluation.py", line 19, in main
    evaluation.evaluation()
  File "E:\MLOPs Deep Learning Project\src\cnnClassifier\components\evaluation.py", line 53, in evaluation
    self.model = self.load_model(self.config.path_of_model)
  File "E:\MLOPs Deep Learning Project\src\cnnClassifier\components\evaluation.py", line 49, in load_model
    return tf.keras.models.load_model(path)
  File "C:\Users\Ron\anaconda3\envs\chest\lib\site-packages\keras\src\saving\saving_api.py", line 196, in load_model
    return legacy_h5_format.load_model_from_hdf5(
  File "C:\Users\Ron\anaconda3\envs\chest\lib\site-packages\keras\src\legacy\saving\legacy_h5_format.py", line 120, in load_model_from_hdf5
    f = h5py.File(filepath, mode="r")
  File "C:\Users\Ron\anaconda3\envs\chest\lib\site-packages\h5py\_hl\files.py", line 564, in __init__
    fid = make_fid(name, mode, userblock_size, fapl, fcpl, swmr=swmr)
  File "C:\Users\Ron\anaconda3\envs\chest\lib\site-packages\h5py\_hl\files.py", line 238, in make_fid
    fid = h5f.open(name, flags, fapl=fapl)
  File "h5py/_objects.pyx", line 56, in h5py._objects.with_phil.wrapper
  File "h5py/_objects.pyx", line 57, in h5py._objects.with_phil.wrapper
  File "h5py/h5f.pyx", line 102, in h5py.h5f.open
FileNotFoundError: [Errno 2] Unable to synchronously open file (unable to open file: name = 'artifacts/training/model.h5', errno = 2, error message = 'No such file or directory', flags = 0, o_flags = 0)
[2026-05-20 16:27:58,965 : WARNING : module_wrapper : From E:\MLOPs Deep Learning Project\src\cnnClassifier\components\model_trainer.py:6: The name tf.enable_eager_execution is deprecated. Please use tf.compat.v1.enable_eager_execution instead.
]
[2026-05-20 16:28:05,139 : INFO : _client : HTTP Request: GET https://dagshub.com/api/v1/user "HTTP/1.1 200 OK"]
[2026-05-20 16:28:05,172 : INFO : helpers : Accessing as Roniwatson4222]
[2026-05-20 16:28:06,286 : INFO : _client : HTTP Request: GET https://dagshub.com/api/v1/repos/Roniwatson4222/MLOPs-DEEP-LEARNING-PROJECT "HTTP/1.1 200 OK"]
[2026-05-20 16:28:07,362 : INFO : _client : HTTP Request: GET https://dagshub.com/api/v1/user "HTTP/1.1 200 OK"]
[2026-05-20 16:28:07,368 : INFO : helpers : Initialized MLflow to track repo "Roniwatson4222/MLOPs-DEEP-LEARNING-PROJECT"]
[2026-05-20 16:28:07,370 : INFO : helpers : Repository Roniwatson4222/MLOPs-DEEP-LEARNING-PROJECT initialized!]
[2026-05-20 16:28:11,049 : INFO : main : stage Data Ingestion Stage started]
[2026-05-20 16:28:11,050 : INFO : stage_01_data_ingestion : >>>>>>> stage Data Ingestion Stage started <<<<<<<]
[2026-05-20 16:28:11,057 : INFO : common : yaml file: config\config.yaml loaded successfully]
[2026-05-20 16:28:11,069 : INFO : common : yaml file: E:\MLOPs Deep Learning Project\params.yaml loaded successfully]
[2026-05-20 16:28:11,071 : INFO : common : created directory at: artifacts]
[2026-05-20 16:28:11,074 : INFO : common : created directory at: artifacts/data_ingestion]
[2026-05-20 16:28:11,075 : INFO : data_ingestion : File already exists at artifacts\data_ingestion\chest_scan.zip]
[2026-05-20 16:28:15,248 : INFO : data_ingestion : Unzipped data size: ~ 0 KB]
[2026-05-20 16:28:15,251 : INFO : stage_01_data_ingestion : >>>>>>> stage Data Ingestion Stage completed <<<<<<<

]
[2026-05-20 16:28:15,251 : INFO : main : stage Data Ingestion Stage completed]
[2026-05-20 16:28:15,251 : INFO : main : stage Prepare Base Model Stage started]
[2026-05-20 16:28:15,252 : INFO : stage_02_prepare_base_model : >>>>>>> stage Prepare Base Model Stage started <<<<<<<]
[2026-05-20 16:28:15,258 : INFO : common : yaml file: config\config.yaml loaded successfully]
[2026-05-20 16:28:15,262 : INFO : common : yaml file: E:\MLOPs Deep Learning Project\params.yaml loaded successfully]
[2026-05-20 16:28:15,263 : INFO : common : created directory at: artifacts]
[2026-05-20 16:28:15,264 : INFO : common : created directory at: artifacts/prepare_base_model]
[2026-05-20 16:28:16,458 : WARNING : saving_api : You are saving your model as an HDF5 file via `model.save()` or `keras.saving.save_model(model)`. This file format is considered legacy. We recommend using instead the native Keras format, e.g. `model.save('my_model.keras')` or `keras.saving.save_model(model, 'my_model.keras')`. ]
[2026-05-20 16:28:17,307 : WARNING : config : TensorFlow GPU support is not available on native Windows for TensorFlow >= 2.11. Even if CUDA/cuDNN are installed, GPU will not be used. Please use WSL2 or the TensorFlow-DirectML plugin.]
[2026-05-20 16:28:17,860 : WARNING : saving_api : You are saving your model as an HDF5 file via `model.save()` or `keras.saving.save_model(model)`. This file format is considered legacy. We recommend using instead the native Keras format, e.g. `model.save('my_model.keras')` or `keras.saving.save_model(model, 'my_model.keras')`. ]
[2026-05-20 16:28:18,223 : INFO : stage_02_prepare_base_model : >>>>>>> stage Prepare Base Model Stage completed <<<<<<<

]
[2026-05-20 16:28:18,223 : INFO : main : stage Prepare Base Model Stage completed]
[2026-05-20 16:28:18,223 : INFO : main : *******************]
[2026-05-20 16:28:18,224 : INFO : main : >>>>>> stage Training started <<<<<<]
[2026-05-20 16:28:18,224 : INFO : stage_03_model_trainer : Initializing ModelTrainingPipeline...]
[2026-05-20 16:28:18,224 : INFO : stage_03_model_trainer : Fetching training configuration...]
[2026-05-20 16:28:18,231 : INFO : common : yaml file: config\config.yaml loaded successfully]
[2026-05-20 16:28:18,234 : INFO : common : yaml file: E:\MLOPs Deep Learning Project\params.yaml loaded successfully]
[2026-05-20 16:28:18,236 : INFO : common : created directory at: artifacts]
[2026-05-20 16:28:18,238 : INFO : common : created directory at: artifacts\training]
[2026-05-20 16:28:18,238 : INFO : stage_03_model_trainer : Initializing Training class...]
[2026-05-20 16:28:18,239 : INFO : stage_03_model_trainer : Loading base model...]
[2026-05-20 16:28:18,694 : WARNING : legacy_h5_format : No training configuration found in the save file, so the model was *not* compiled. Compile it manually.]
[2026-05-20 16:28:18,700 : INFO : stage_03_model_trainer : Preparing data generators...]
[2026-05-20 16:28:19,050 : INFO : stage_03_model_trainer : Starting model training...]
[2026-05-20 16:56:17,084 : WARNING : saving_api : You are saving your model as an HDF5 file via `model.save()` or `keras.saving.save_model(model)`. This file format is considered legacy. We recommend using instead the native Keras format, e.g. `model.save('my_model.keras')` or `keras.saving.save_model(model, 'my_model.keras')`. ]
[2026-05-20 16:56:18,156 : INFO : stage_03_model_trainer : Model training completed successfully.]
[2026-05-20 16:56:18,174 : INFO : main : >>>>>> stage Training completed <<<<<<

x==========x]
[2026-05-20 16:56:18,176 : INFO : main : *******************]
[2026-05-20 16:56:18,176 : INFO : main : >>>>>> stage Evaluation stage started <<<<<<]
[2026-05-20 16:56:18,235 : INFO : common : yaml file: config\config.yaml loaded successfully]
[2026-05-20 16:56:18,247 : INFO : common : yaml file: E:\MLOPs Deep Learning Project\params.yaml loaded successfully]
[2026-05-20 16:56:18,255 : INFO : common : created directory at: artifacts]
[2026-05-20 16:56:19,011 : WARNING : saving_utils : Compiled the loaded model, but the compiled metrics have yet to be built. `model.compile_metrics` will be empty until you train or evaluate the model.]
[2026-05-20 16:58:37,014 : INFO : common : json file saved at: scores.json]
[2026-05-20 16:58:37,016 : INFO : main : >>>>>> stage Evaluation stage completed <<<<<<

x==========x]
